syllabic	-	-	-	-	-	-	-	-	-	-	-	-	-	-	-	-	-	-	-	-	-	-	-	-	-	-	-	-	-	-	-	-	-	-	-	-	-	-	-	-	-	-	-	-	-	-	-	-	-	-	-	-	-	-	-	-	-	-	-	-	-	-	-	-	-	-	-	-	-	-	-	-	-	-	-	-	-	-	-	-	-	-	-	-	-	-	-	-	-	-	-	-	-	-	-	-	-	-	-	-	-	-	-	-	-	-	-	-	-	-	-	-	-	-	-	-	-	-	-	-	-	-	-	-	-	-	-	-	-	-	-	-	-	-	-	-	-	-	-	-	-	-	-	-	-	-	-	-	-	-	-	-	-	-	-	-	-	-	-	-	-	-	-	-	-	-	-	-	-	-	-	-	-	-	-	-	-	-	-	-	-	-	-	-	-	-	-	-	-	-	-	-	-	-	-	-	-	-	-	-	-	-	-	-	-	-	-	-	-	-	-	-	-	-	-	-	-	-	-	-	-	-	-	-	-	-	-	-	-	-	-	-	-	-	-	-	-	-	-	-	-	-	-	-	-	-	-	-	-	-	-	-	-	-	-	-	-	-	-	-	-	-	-	-	-	-	-	-	-	-	-	-	-	-	-	-	-	-	-	-	-	-	-	-	-	-	-	-	-	-	-	-	-	-	-	-	-	 	 	+,-	+,-	+,-	+,-	+	+	+	+	+	+	+	+	+	+	+	+	+	+	+	+	+	+	+	+	+	+	+	+	+	+	+	+	+	+	+	+	+	+	+	+	+	+	+	+	+	+	+	+	+	+	+	+	+	+	+	+	+	+	+	+	+	+	+	+	+	+	+	+	+	+	+	+	+	+	+	+	+	+	+	+	+	+	+	+	+	+	+	+	+	+	+	+	+	+	+	+	+	+	+	+	+	+	+	+	+	+	+	+	+	+	+	+	+	+	+	+	+	+	+	+	+	+	+	+	+	+	+	+	+	+	+	+	+	+	+	+	+	+	+	+	+	+	+	+	+	+	+
sonorant	-	-	-	-	-	-	-	-	-	-	-	-	-	-	-	-	-	-	-	-	-	-	-	-	-	-	-	-	-	-	-	-	-	-	-	-	-	-	-	-	-	-	-	-	-	-	-	-	-	-	-	-	-	-	-	-	-	-	-	-	-	-	-	-	-	-	-	-	-	-	-	-	-	-	-	-	-	-	-	-	-	-	-	-	-	-	-	-	-	-	-	-	-	-	-	-	-	-	-	-	-	-	-	-	-	-	-	-	-	-	-	-	-	-	-	-	-	-	-	-	-	-	-	-	-	-	-	-	-	-	-	-	-	-	-	-	-	-	-	-	-	-	-	-	-	-	-	-	-	-	-	-	-	-	-	-	-	-	-	-	-	-	-	-	-	-	-	-	-	-	-	-	-	-	-	-	-	-	-	-	-	-	-	-	-	-	-	-	-	-	-	-	-	-	-	-	-	-	-	-	-	-	-	-	-	-	-	-	-	-	-,+	+,-	+,-	+,-	+,-	+,-	+,-	+,-	+,-	+	+	+	+	+	+	+	+	+	+	+	+	+	+	+	+	+	+	+	+	+	+	+	+	+	+	+	+	+	+	+	+	+	+	+	+	+	+	+	+	+	+	+	+	+	+	+	+	+	+	+	+	+	+	+	+	+	+	+	+	+	+	+	+	+	+	+	+	+	+	+	+	+	+	+	+	+	+	 	 	+	+	+	+	+	+	+	+	+	+	+	+	+	+	+	+	+	+	+	+	+	+	+	+	+	+	+	+	+	+	+	+	+	+	+	+	+	+	+	+	+	+	+	+	+	+	+	+	+	+	+	+	+	+	+	+	+	+	+	+	+	+	+	+	+	+	+	+	+	+	+	+	+	+	+	+	+	+	+	+	+	+	+	+	+	+	+	+	+	+	+	+	+	+	+	+	+	+	+	+	+	+	+	+	+	+	+	+	+	+	+	+	+	+	+	+	+	+	+	+	+	+	+	+	+	+	+	+	+	+	+	+	+	+	+	+	+	+	+	+	+	+	+	+	+	+	+
continuant	-	-	-	-	-	-	-	-	-	-	-	-	-	-	-	-	-	-	-	-	-	-	-	-	-	-	-	-	-	-	-	-	-	-	-	-	-	-	-	-	-	-	-	-	-	-	-	-	-	-	-	-	-	-	-	-	-	-	-	-	-	-	-	-	-	-	-	-	-	-	-	-	-	-	-	-	-	-	-	-	-	-	-	-	-	-	-	-	-	-	-	-	-	-	-	-	-	-	-	-	-	-	-	-	-	-	-	-	-	-	-	-	-	-	-	-	-	-	-	-	-	-	-	-	-	-	-	-	-	-	-	-	-	-	-	-	+	+	+	+	+	+	+	+	+	+	+	+	+	+	+	+	+	+	+	+	+	+	+	+	+	+	+	+	+	+	+	+	+	+	+	+	+	+	+	+	+	+	+	+	+	+	+	+	+	+	+	+	+	+	+	+	+	+	+	+	+	+	+	+	+	+	+	+	+	+	+	+	+	+	-,+	-	-	-	-	-	-	-,+	-,+	-	-	-	-	-	-	-	-	-	-	-	-	-	-	-	-	-	-	-	-	-	-	-	-	-	-	-	-	-,+	+	+	+	+	+	+	+	+	+	+	+	+	+	+	+	+	+	+	+	+	+	+	+	+	+	+	+	+	+	+	+	+	+	+	+	+	+	+	+	+	+	+	+	+	+	+	+	+	+	 	 	+	+	+	+	-	-	+	+	+	+	+	+	+	+	+	+	+	+	+	+	+	+	+	+	+	+	+	+	+	+	+	+	+	+	+	+	+	+	+	+	+	+	+	+	+	+	+	+	+	+	+	+	+	+	+	+	+	+	+	+	+	+	+	+	+	+	+	+	+	+	+	+	+	+	+	+	+	+	+	+	+	+	+	+	+	+	+	+	+	+	+	+	+	+	+	+	+	+	+	+	+	+	+	+	+	+	+	+	+	+	+	+	+	+	+	+	+	+	+	+	+	+	+	+	+	+	+	+	+	+	+	+	+	+	+	+	+	+	+	+	+	+	+	+	+	+	+
click	-	-	-	-	-	-	-	-	-	-	-	-	-	-	-	-	-	-	-	-	-	-	-	-	-	-	-	-	-	-	-	-	-	-	-	-	-	-	-	-	-	-	-	-	-	-	-	-	-	-	-	-	-	-	-	-	-	-	-	-	-	-	-	-	-	-	-	-	-	-	-	-	-	-	-	-	-	-	-	-	-	-	-	-	-	-	-	-	-	-	-	-	-	-	-	-	-	-	-	-	-	-	-	-	-	-	-	-	-	-	-	-	-	-	-	-	-	-	-	-	-	-	-	-	-	-	-	-	-	-	-	-	-	-	+	+	-	-	-	-	-	-	-	-	-	-	-	-	-	-	-	-	-	-	-	-	-	-	-	-	-	-	-	-	-	-	-	-	-	-	-	-	-	-	-	-	-	-	-	-	-	-	-	-	-	-	-	-	-	-	-	-	-	-	-	-	-	-	-	-	-	-	-	-	-	-	-	-	-	-	-	-	-	-	-	-	-	-	-	-	-	-	-	-	-	-	-	-	-	-	-	-	-	-	-	-	-	-	-	-	-	-	-	-	-	-	-	-	-	-	-	-	-	-	-	-	-	-	-	-	-	-	-	-	-	-	-	-	-	-	-	-	-	-	-	-	-	-	-	-	-	-	-	-	-	-	-	-	-	-	 	 	 	 	 	 	 	 	 	-	-	-	-	-	-	-	-	-	 	 	 	 	 	 	 	 	 	 	 	 	 	 	 	 	 	 	 	 	 	 	 	 	 	 	 	 	 	 	 	 	 	 	 	 	 	 	 	 	 	 	 	 	 	 	 	 	 	 	 	 	 	 	 	 	 	 	 	 	 	 	 	 	 	 	 	 	 	 	 	 	 	 	 	 	 	 	 	 	 	 	 	 	 	 	 	 	 	 	 	 	 	 	 	 	 	 	 	 	 	 	 	 	 	 	 	 	 	 	 	 	 	 	 	 	 	 	 	 	 	 	 	 	 	 	 	 	 	 	 	 	 	 	 	 	 	 
coronal	-	-	-	-	-	-	-	-	-	-	-	-	-	-	-	-	-	-	-	-	-	-	-	-	-	-	-	-	-	-	-	-	-	-	-	-	-	-	-	-	-	-	-	-	-	-	-	-	-	-	-	-	-	-	-	+	+	+	+	+	+	+	+	+	+	+	+	+	+	+	+	+	+	+	+	+	+	+	+	+	+	+	+	+	+	+	+	+	+	+	+	+	+	+	+	+	+	+	+	+	+	+	+	+	+	+	+	+	+	+	+	+	+	+	+	+	+	+	+	+	+	+	+	+	+	+	+	+	+	+	+	+	+	+	+	+	-	-	-	-	-	-	-	-	-	-	-	-	-	-	-	-	-	-	-	-	-	-	-	-	-	-	-	-	-	-	-	+	+	+	+	+	+	+	+	+	+	+	+	+	+	+	+	+	+	+	+	+	+	+	+	+	+	+	+	+	+	+	+	+	+	+	+	+	+	+	+	+	+	+	-	-	-	+	+	+	+	-	+	-	-	-	-	-	-	-	-	-	-	-	-	-	+	+	+	+	+	+	+	+	+	+	+	+	+	+	+	+	-	-	-	-	-	-	-	-	-	-	+	+	+	+	+	+	+	+	+	+	+	+	+	+	+	+	+	+	+	+	+	+	+	+	+	+	+	+	+	+	+	+	-	-	-	-	-	-	-	 	 	-	-	-	-	-	-	+	+	+	-	-	-	-	-	-	-	-	-	-	-	-	-	-	-	-	-	-	-	-	-	-	-	-	-	-	-	-	-	-	-	-	-	-	-	-	-	-	-	-	-	-	-	-	-	-	-	-	-	-	-	-	-	-	-	-	-	-	-	-	-	-	-	-	-	-	-	-	-	-	-	-	-	-	-	-	-	-	-	-	-	-	-	-	-	-	-	-	-	-	-	-	-	-	-	-	-	-	-	-	-	-	-	-	-	-	-	-	-	-	-	-	-	-	-	-	-	-	-	-	-	-	-	-	-	-	-	-	-	-	-	-	-	-	-	-	-	-
dorsal	-	-	-	-	-	-	-	-	-	-	-	-	-	-	-	-	-	-	-	+	+	+	+	+	+	+	+	+	+	+	+	+	+	+	+	+	+	+	+	+	+	+	+	+	+	+	+	+	+	+	+	+	+	+	+	-	-	-	-	-	-	-	-	-	-	-	-	-	-	-	-	-	-	-	-	-	-	-	-	-	-	-	-	-	-	-	-	-	-	-	-	-	-	-	-	-	-	-	-	-	-	-	-	-	-	-	-	-	-	-	-	+	+	+	+	+	+	+	+	+	+	+	+	+	+	+	+	+	+	+	+	+	+	+	+	+	-	-	-	-	-	-	-	-	-	-	-	+	+	+	+	+	+	+	+	+	+	+	+	+	+	+	+	+	+	+	+	-	-	-	-	-	-	-	-	-	-	-	-	-	-	-	-	-	-	-	-	-	-	-	-	-	-	-	-	-	-	-	-	+	+	+	+	+	+	+	+	+	+	+	+	-	+	-	-	-	-	-	-	-	-	-	-	-	-	-	-	+	+	+	+	+	-	-	-	-	-	-	-	-	-	+	+	+	+	+	+	-	-	-	+	+	+	+	+	+	+	+	-	-	-	-	-	-	-	-	-	-	-	-	-	-	-	-	-	-	-	-	-	-	-	-	-	-	-	-	+	+	+	+	+	+	+	+	+	+	+	 	 	+	+	+	+	-	+	-	-	-	+	+	+	+	+	+	+	+	+	+	+	+	+	+	+	+	+	+	+	+	+	+	+	+	+	+	+	+	+	+	+	+	+	+	+	+	+	+	+	+	+	+	+	+	+	+	+	+	+	+	+	+	+	+	+	+	+	+	+	+	+	+	+	+	+	+	+	+	+	+	+	+	+	+	+	+	+	+	+	+	+	+	+	+	+	+	+	+	+	+	+	+	+	+	+	+	+	+	+	+	+	+	+	+	+	+	+	+	+	+	+	+	+	+	+	+	+	+	+	+	+	+	+	+	+	+	+	+	+	+	+	+	+	+	+	+	+	+
labial	-	-	+	+	+	+	+	+	+	+	+	+	+	+	+	+	+	+	+	-	-	-	-	-	-	-	-	-	-	-	-	-	-	-	-	-	-	-	-	-	-	-	-	-	+	+	+	+	+	+	+	+	+	+	+	-	-	-	-	-	-	-	-	-	-	-	-	-	-	-	-	-	-	-	-	-	-	-	-	-	-	-	-	-	-	-	-	-	-	-	-	-	-	-	-	-	-	-	-	-	-	-	-	-	-	-	-	-	-	-	+	-	-	-	-	-	-	-	-	-	-	-	-	-	-	-	-	-	-	-	-	-	+	+	-	-	-	-	-	+	+	+	+	+	+	+	+	-	-	-	-	-	-	-	-	-	-	-	+	+	+	+	+	+	+	+	+	-	-	-	-	-	-	-	-	-	-	-	-	-	-	-	-	-	-	-	-	-	-	-	-	-	-	-	-	-	-	-	+	-	-	-	-	-	-	-	-	-	-	-	-	+	-	-	-	-	-	+	-	+	+	+	+	+	+	+	+	-	-	-	+	+	-	-	-	-	-	-	-	-	-	-	-	-	-	-	+	-	+	+	-	-	-	-	-	+	+	+	-	-	-	-	-	-	-	-	-	-	-	-	-	-	-	-	-	-	-	-	-	-	-	-	-	-	-	+	-	-	-	-	-	-	-	-	+	+	+	 	 	-	-	-,+	+,-	+	-	-	-	-	-	-	-	-	-	-	-	-	-	-	-	-	-	-	-	-	-	-	-	-	-	-	-	-	-	-	-	-	-	-	-	-	-	-	-	-	-	-	-	-	-	-	-	-	-	-	-	-	-	-	-	-	-	-	-	-	-	-	-	-	-	-	-	-	-	-	-	-	-	-	-	-	-	-,+	-,+	-,+	-,+	-,+	-,+	-,+	-,+,+	+,-,-	+,-,-	+,-	+,-	+,-	+,-	+,-	+,-	+,-	+,-	+	+	+	+	+	+	+	+	+	+	+	+	+	+	+	+	+	+	+	+	+	+	+	+	+	+	+	+	+	+	+	+	+	+	+	+	+	+	+	+	+	+	+	+	+	+	+
labiodental	 	 	-	-	-	-	-	-	-	-	-	-	-	-	-	-	-	 	+	 	 	 	 	 	 	 	 	 	 	 	 	 	 	 	 	 	 	 	 	 	 	 	 	 	-	-	-	-	-	 	 	 	 	 	 	 	 	 	 	 	 	 	 	 	 	 	 	 	 	 	 	 	 	 	 	 	 	 	 	 	 	 	 	 	 	 	 	 	 	 	 	 	 	 	 	 	 	 	 	 	 	 	 	 	 	 	 	 	 	 	 	 	 	 	 	 	 	 	 	 	 	 	 	 	 	 	 	 	 	 	 	 	 	 	 	 	 	 	 	-	-	 	+	+	+	+	+	 	 	 	 	 	 	 	 	 	 	 	-	-	 	 	 	 	 	+	+	 	 	 	 	 	 	 	 	 	 	 	 	 	 	 	 	 	 	 	 	 	 	 	 	 	 	 	 	 	 	 	 	 	 	 	 	 	 	 	 	 	 	 	 	-	 	 	 	 	 	+	 	-	-	-	-	-	-	-	+	 	 	 	-	 	 	 	 	 	 	 	 	 	 	 	 	 	 	 	 	 	+	+	 	 	 	 	 	-	-	-	 	 	 	 	 	 	 	 	 	 	 	 	 	 	 	 	 	 	 	 	 	 	 	 	 	 	 	 	 	 	 	 	 	 	 	 	-	-	-	 	 	 	 	-	-	-	 	 	 	 	 	 	 	 	 	 	 	 	 	 	 	 	 	 	 	 	 	 	 	 	 	 	 	 	 	 	 	 	 	 	 	 	 	 	 	 	 	 	 	 	 	 	 	 	 	 	 	 	 	 	 	 	 	 	 	 	 	 	 	 	 	 	 	 	 	 	 	 	 	 	 	 	 	-	-	-	-	-	-	-	-	-	-	-	-	-	-	-	-	-	-	-	-	-	-	-	-	-	-	-	-	-	-	-	-	-	-	-	-	-	-	-	-	-	-	-	-	-	-	-	-	-	-	-	-	-	-	-	-	-	-	-	-	-	-	-	-	-
anterior	 	 	 	 	 	 	 	 	 	 	 	 	 	 	 	 	 	 	 	 	 	 	 	 	 	 	 	 	 	 	 	 	 	 	 	 	 	 	 	 	 	 	 	 	 	 	 	 	 	 	 	 	 	 	 	-	-	-	-	-	-	-	-	-	-	-	-	-	-	-	-	-	-	-	-	-	-	-	+	+	+	+	+	+	+	+	+	+	+	+	+	+	+	+	+	+	+	+	+	+	+	+	+	+	+	+	+	+	+	+	+	-	-	-	-	-	-	-	-	-	-	-	-	+	+	+	+	+	+	+	+	+	-	-	-	+	 	 	 	 	 	 	 	 	 	 	 	 	 	 	 	 	 	 	 	 	 	 	 	 	 	 	 	 	 	 	 	-	-	-	-	-	-	-	-	+	+	+	+	+	+	+	+	+	+	+	+	+	+	+	+	+	+	+	+	+	+	+	+	-	-	-	-	-	-	-	+	+	+	+	 	 	 	-	+	+	+	 	+	 	 	 	 	 	 	 	 	 	 	 	 	 	-	-	+	+	+	+	+	+	+	-	-	-	+	+	-	+	 	 	 	 	 	 	 	 	 	 	-	-	-	-	-	-	-	+	+	+	+	+	+	+	+	+	+	+	+	+	+	+	+	+	+	+	+	+	-	+	+	+	 	 	 	 	 	 	 	 	 	 	 	 	 	 	 	-	-	+	 	 	 	 	 	 	 	 	 	 	 	 	 	 	 	 	 	 	 	 	 	 	 	 	 	 	 	 	 	 	 	 	 	 	 	 	 	 	 	 	 	 	 	 	 	 	 	 	 	 	 	 	 	 	 	 	 	 	 	 	 	 	 	 	 	 	 	 	 	 	 	 	 	 	 	 	 	 	 	 	 	 	 	 	 	 	 	 	 	 	 	 	 	 	 	 	 	 	 	 	 	 	 	 	 	 	 	 	 	 	 	 	 	 	 	 	 	 	 	 	 	 	 	 	 	 	 	 	 	 	 	 	 	 	 	 	 	 
distributed	 	 	 	 	 	 	 	 	 	 	 	 	 	 	 	 	 	 	 	 	 	 	 	 	 	 	 	 	 	 	 	 	 	 	 	 	 	 	 	 	 	 	 	 	 	 	 	 	 	 	 	 	 	 	 	-	-	-	-	-	-	-	-	-	-	-	-	+	+	+	+	+	+	+	+	+	+	+	-	-	-	-	-	-	-	-	-	-	-	-	-	-	-	-	-	-	-	-	-	-	+	+	+	+	+	+	+	+	+	+	-	+	+	+	+	+	+	+	+	+	+	+	+	-	-	-	+	+	+	+	+	+	+	+	+	-	 	 	 	 	 	 	 	 	 	 	 	 	 	 	 	 	 	 	 	 	 	 	 	 	 	 	 	 	 	 	 	-	-	-	+	+	+	+	+	-	-	-	-	-	-	-	-	-	-	-	-	-	-	-	+	+	+	+	+	+	+	+	-	+	+	+	+	+	+	+	-	-	+	+	 	 	 	+	-	-	+	 	-	 	 	 	 	 	 	 	 	 	 	 	 	 	-	+	-	-	-	-	+	+	+	+	+	+	-	+	+	-	 	 	 	 	 	 	 	 	 	 	-	-	-	-	-	+	+	-	-	-	-	-	-	-	-	-	-	-	-	-	-	-	+	+	+	+	+	-	+	-	-	-	 	 	 	 	 	 	 	 	 	 	 	 	 	 	 	-	+	+	 	 	 	 	 	 	 	 	 	 	 	 	 	 	 	 	 	 	 	 	 	 	 	 	 	 	 	 	 	 	 	 	 	 	 	 	 	 	 	 	 	 	 	 	 	 	 	 	 	 	 	 	 	 	 	 	 	 	 	 	 	 	 	 	 	 	 	 	 	 	 	 	 	 	 	 	 	 	 	 	 	 	 	 	 	 	 	 	 	 	 	 	 	 	 	 	 	 	 	 	 	 	 	 	 	 	 	 	 	 	 	 	 	 	 	 	 	 	 	 	 	 	 	 	 	 	 	 	 	 	 	 	 	 	 	 	 	 
strident	 	 	 	 	 	 	 	 	 	 	 	 	 	 	 	 	 	 	 	 	 	 	 	 	 	 	 	 	 	 	 	 	 	 	 	 	 	 	 	 	 	 	 	 	 	 	 	 	 	 	 	 	 	 	 	-	-	-	-	-	-	-	-	-	-	+	+	+	+	+	+	+	+	+	+	+	+	+	-	-	-	-	-	-	-	-	-	-	-	-	-	-	-	-	+	+	+	+	+	+	-	-	-	-	-	-	-	-	+	+	-	-	-	-	-	-	-	-	-	-	-	-	+	-	-	+	-	-	+	+	+	+	-	-	-	-	 	 	 	 	 	 	 	 	 	 	 	 	 	 	 	 	 	 	 	 	 	 	 	 	 	 	 	 	 	 	 	+	+	+	+	+	+	+	+	-	-	+	+	+	+	+	+	+	+	+	+	+	+	+	-	-	-	-	+	+	+	+	+	-	-	+	+	+	+	+	+	+	+	+	 	 	 	+	-	+	-	 	-,+	 	 	 	 	 	 	 	 	 	 	 	 	 	-	-	-	-	-	-	-	-	-	-	-	-	-	-	-	-	 	 	 	 	 	 	 	 	 	 	-	-	-	-	-	-	-	-	-	-	-	-	-	-	-	-	-	-	-	-	-	-	-	-	-	-	+	-	-	-	-	-	 	 	 	 	 	 	 	 	 	 	 	 	 	 	 	-	-	-	 	 	 	 	 	 	 	 	 	 	 	 	 	 	 	 	 	 	 	 	 	 	 	 	 	 	 	 	 	 	 	 	 	 	 	 	 	 	 	 	 	 	 	 	 	 	 	 	 	 	 	 	 	 	 	 	 	 	 	 	 	 	 	 	 	 	 	 	 	 	 	 	 	 	 	 	 	 	 	 	 	 	 	 	 	 	 	 	 	 	 	 	 	 	 	 	 	 	 	 	 	 	 	 	 	 	 	 	 	 	 	 	 	 	 	 	 	 	 	 	 	 	 	 	 	 	 	 	 	 	 	 	 	 	 	 	 	 
periodic glottal source	-	-	-	-	-	-	-	-	+	+	+	+	+	+	+	+	+	-	-	-	-	-	-	-	-	-	-	-	-	-	-	-	-	-	-	-	+	+	+	+	+	+	+	+	-	-	-	+	+	-	-	-	-	-	+	-	-	-	-	+	+	+	+	+	+	-	-	-	-	-	-	-	-	-	+	+	+	+	-	-	-	-	-	-	-	-	+	+	+	+	+	+	+	+	-	-	-	-	+	+	-	-	-	-	+	+	+	+	-	+	-	-	-	-	-	-	-	+	+	+	+	+	-	-	+	-	-	+	-	-	-	+	-	+	-	-	-	-	+	-	+	-	-	-	-	+	+	-	-	-	-	-	-	+	+	+	+	+	-	+	-	-	-	+	+	-	+	-	-	+	-	-	+	+	+	-	+	-	-	-	-	-	-	-	-	+	+	+	+	+	-	+	+	+	-	-	+	+	-	-	+	-	-	-	+	+	-	+	-	+	-	+	+	+	+	+	+	+	+	-	+	+	+	+	+	+	+	-	+	+	+	+	+	+	-	+	+	+	+	+	+	-	+	+	+	+	+	+	+	+	+	+	+	+	+	+	+	+	+	+	+	+	+	+	+	-	+	+	+	+	+	+	+	+	+	+	+	+	+	+	+	+	+	+	+	+	+	+	+	+	+	+	+	+	+	+	+	 	 	+	+	+	+	+	+	+	+	+	+	+	+	+	+	+	+	+	+	+	+	+	+	+	+	+	+	+	+	+	+	+	+	+	+	+	+	+	+	+	+	+	+	+	+	+	+	+	+	+	+	+	+	+	+	+	+	+	+	+	+	+	+	+	+	+	+	+	+	+	+	+	+	+	+	+	+	+	+	+	+	+	+	+	+	+	+	+	+	+	+	+	+	+	+	+	+	+	+	+	+	+	+	+	+	+	+	+	+	+	+	+	+	+	+	+	+	+	+	+	+	+	+	+	+	+	+	+	+	+	+	+	+	+	+	+	+	+	+	+	+	+	+	+	+	+	+	+
constricted glottis	+	+	-	-	-	-	+	+	-	-	-	-	-	-	-	-	-	+	-	-	-	-	-	-	-	-	-	-	-	-	+	+	+	+	+	+	-	-	-	-	-	-	-	-	-	-	-	-	-	-	-	-	-	+	-	-	-	-	-	-	-	-	-	-	-	-	-	-	-	-	-	+	+	+	-	-	-	-	-	-	-	-	-	+	+	+	-	-	-	-	-	-	-	+	-	-	-	+	-	-	-	-	-	-	-	-	-	-	-	-	-	-	-	-	-	-	+	-	-	-	-	-	-	-	-	-	-	-	-	-	-	-	-	-	-	-	-	-	-	-	-	-	-	-	-	-	-	-	-	-	-	-	+	-	-	-	-	-	-	-	-	-	-	-	-	-	-	-	+	-	-	-	-	-	+	-	-	-	-	-	-	-	+	+	+	-	-	-	-	+	-	-	-	-	-	-	-	-	-	-	-	-	-	-	-	-	-	-	-	-	+	-	-	-	-	-	-	-	-	-	-	-	-	-	-	-	-	-	-	-	-	-	-	-	-	-	-	-	-	-	-	-	-	-	-	-	-	-	-	-	-	-	-	-	+	-	-	-	-	-	-	-	-	-	-	-	-	-	-	-	-	-	-	-	-	-	-	-	+	+	-	-	-	-	-	-	-	-	-	-	-	-	-	-	-	-	-	 	+	-	-	-	-	-	-	-	-	-	-	-	-	-	-	-	-	-	-	-	-	-	-	-	-	-	-	-	-	-	-	-	-	-	-	-	-	-	-	-	-	-	-	-	-	-	-	-	-	-	-	-	-	-	-	-	-	-	-	-	-	-	-	-	-	-	-	-	-	-	-	-	-	-	-	-	-	-	-	-	-	-	+	-	-	-	-	-	-	-	-	-	-	-	-	-	-	-	-	-	-	-	-	-	-	-	-	-	-	-	-	-	-	-	-	-	-	-	-	-	-	-	-	-	-	-	-	-	-	-	-	-	-	-	-	-	-	-	-	-	-	-	-	-	-	-	-	-
spread glottis	-	-	-	-	+	+	-	-	-	-	-	-	-	-	-	+	+	-	-	-	-	-	-	-	-	-	+	+	+	+	-	-	-	-	-	-	-	-	-	-	-	-	+	+	-	-	+	-	-	-	-	-	+	-	-	-	-	+	+	-	-	-	-	+	+	-	+	-	-	+	+	-	-	-	-	-	+	+	-	-	-	-	+	-	-	-	-	-	-	-	-	-	+	-	-	-	+	-	-	-	-	-	+	+	-	-	+	+	-	-	+	-	-	-	+	+	-	-	-	-	-	+	-	+	-	-	-	-	-	-	+	-	-	-	-	-	+	+	+	-	-	+	-	-	-	-	-	-	-	-	-	-	+	-	-	-	-	-	+	-	-	-	-	-	-	-	-	-	-	-	-	-	-	-	-	-	-	-	-	-	-	+	-	-	-	-	-	-	-	-	-	-	-	-	-	-	-	-	-	-	-	-	-	-	-	-	-	-	-	-	-	-	-	-	-	-	-	-	-	+	-	-	-	-	-	+	-	+	-	-	-	-	-	-	+	-	-	+	-	-	+	+	-	-	-	-	-	-	-	-	-	-	-	-	-	-	-	-	-	-	-	-	+	-	-	+	-	-	-	-	-	-	-	-	-	-	+	+	-	-	-	-	-	-	-	-	-	-	-	-	-	-	-	-	-	-	-	 	-	-	-	-	-	-	-	-	-	-	-	-	-	-	-	-	-	-	-	-	-	-	-	-	-	-	-	-	-	-	-	-	-	-	-	-	-	-	-	-	-	-	-	-	-	-	-	-	-	-	-	-	-	-	-	-	-	-	-	-	-	-	-	-	-	-	-	-	-	-	-	-	+	+	+	+	+	+	+	+	+	+	-	-	-	-	-	-	-	-	-	-	-	-	-	-	-	-	-	-	-	-	-	-	-	-	-	-	-	-	-	-	-	-	-	-	-	-	-	-	-	-	-	-	-	-	-	-	-	-	-	-	-	-	-	-	-	-	-	-	-	-	-	+	+	+	+	+
delayed release	-	-	-	-	-	-	-	-	-	-	-	-	-	-	-	-	-	-	+	-	-	-	-	-	-	+	-	-	-	-	-	-	-	-	-	-	-	-	-	-	-	-	-	-	-	-	-	-	-	-	-	-	-	-	-	-	-	-	-	-	-	-	-	-	-	+	+	+	+	+	+	+	+	+	+	+	+	+	-	-	-	-	-	-	-	-	-	-	-	-	-	-	-	-	+	+	+	+	+	+	-	-	-	-	-	-	-	-	+	+	-	-	+	+	-	+	-	-	-	+	+	+	+	-	-	+	-	-	+	+	+	+	-	+	-	+	+	+	+	+	+	+	+	+	+	+	+	+	+	+	+	+	+	+	+	+	+	+	+	+	+	+	+	+	+	+	+	+	+	+	+	+	+	+	+	+	+	+	+	+	+	+	+	+	+	+	+	+	+	+	+	+	+	+	+	+	+	+	+	+	+	+	+	+	+	+	+	+	+	+	-	-	-	+	-	+	-	+	+	 	 	 	 	 	 	 	 	 	 	 	 	 	 	 	 	 	 	 	 	 	 	 	 	 	 	 	 	 	 	 	 	 	 	 	 	 	 	 	 	 	 	 	 	 	 	 	 	 	 	 	 	 	 	 	 	 	 	 	 	 	 	 	 	 	 	 	 	 	 	 	 	 	 	 	 	 	 	 	 	 	 	 	 	 	 	 	 	 	 	 	 	 	 	 	 	 	 	 	 	 	 	 	 	 	 	 	 	 	 	 	 	 	 	 	 	 	 	 	 	 	 	 	 	 	 	 	 	 	 	 	 	 	 	 	 	 	 	 	 	 	 	 	 	 	 	 	 	 	 	 	 	 	 	 	 	 	 	 	 	 	 	 	 	 	 	 	 	 	 	 	 	 	 	 	 	 	 	 	 	 	 	 	 	 	 	 	 	 	 	 	 	 	 	 	 	 	 	 	 	 	 	 	 	 	 	 	 	 	 	 	 	 	 	 	 	 	 	 	 	 	 	 	 	 	 	 
fortis	-	-	-	-	-	-	-	-	-	-	-	-	-	-	-	-	-	-	-	-	-	-	-	-	-	-	-	-	-	-	-	-	-	-	-	-	-	-	-	-	-	-	-	-	-	-	-	-	-	-	-	-	-	-	-	-	-	-	-	-	-	-	-	-	-	-	-	-	-	-	-	-	-	-	-	-	-	-	-	-	-	-	-	-	-	-	-	-	-	-	-	-	-	-	-	-	-	-	-	-	-	-	-	-	-	-	-	-	-	-	-	-	-	-	-	-	-	-	-	-	-	-	-	-	-	-	-	-	-	-	-	-	-	-	-	-	-	-	-	-	-	-	-	-	-	-	-	-	-	-	-	-	-	-	-	-	-	-	-	-	-	-	-	-	-	-	-	-	-	-	-	-	-	-	-	-	-	-	-	-	-	-	-	-	-	-	-	-	-	-	-	-	-	-	-	-	-	-	-	-	-	-	-	-	-	-	-	-	-	-	-	-	-	-	-	-	-	-	-	-	-	-	-	-	-	-	-	-	-	-	-	-	-	-	-	-	-	-	-	-	-	-	-	-	-	-	-	-	-	-	-	-	-	-	-	-	-	-	-	-	-	-	-	-	-	-	-	-	-	-	-	-	-	-	-	-	-	-	-	-	-	-	-	-	-	-	-	-	-	-	 	 	 	 	 	 	 	 	 	-	-	-	-	-	-	-	-	-	 	 	 	 	 	 	 	 	 	 	 	 	 	 	 	 	 	 	 	 	 	 	 	 	 	 	 	 	 	 	 	 	 	 	 	 	 	 	 	 	 	 	 	 	 	 	 	 	 	 	 	 	 	 	 	 	 	 	 	 	 	 	 	 	 	 	 	 	 	 	 	 	 	 	 	 	 	 	 	 	 	 	 	 	 	 	 	 	 	 	 	 	 	 	 	 	 	 	 	 	 	 	 	 	 	 	 	 	 	 	 	 	 	 	 	 	 	 	 	 	 	 	 	 	 	 	 	 	 	 	 	 	 	 	 	 	 	 
tap	-	-	-	-	-	-	-	-	-	-	-	-	-	-	-	-	-	-	-	-	-	-	-	-	-	-	-	-	-	-	-	-	-	-	-	-	-	-	-	-	-	-	-	-	-	-	-	-	-	-	-	-	-	-	-	-	-	-	-	-	-	-	-	-	-	-	-	-	-	-	-	-	-	-	-	-	-	-	-	-	-	-	-	-	-	-	-	-	-	-	-	-	-	-	-	-	-	-	-	-	-	-	-	-	-	-	-	-	-	-	-	-	-	-	-	-	-	-	-	-	-	-	-	-	-	-	-	-	-	-	-	-	-	-	-	-	-	-	-	-	-	-	-	-	-	-	-	-	-	-	-	-	-	-	-	-	-	-	-	-	-	-	-	-	-	-	-	-	-	-	-	-	-	-	-	-	-	-	-	-	-	-	-	-	-	-	-	-	-	-	-	-	-	-	-	-	-	-	-	-	-	-	-	-	-	-	-	-	-	-	-	-	-	-	-	-	-	-	-	-	-	-	-	-	-	-	-	-	-	-	-	-	-	-	-	-	-	-	-	-	-	-	-	-	-	-	-	-	-	-	-	-	-	-	-	-	-	-	-	-	+	+	+	-	-	-	-	-	-	-	-	-	-	+	+	+	-	+	-	-	-	-	-	+	-	-	-	-	-	-	-	-	-	-	-	-	-	 	 	-	-	-	-	-	-	-	-	-	-	-	-	-	-	-	-	-	-	-	-	-	-	-	-	-	-	-	-	-	-	-	-	-	-	-	-	-	-	-	-	-	-	-	-	-	-	-	-	-	-	-	-	-	-	-	-	-	-	-	-	-	-	-	-	-	-	-	-	-	-	-	-	-	-	-	-	-	-	-	-	-	-	-	-	-	-	-	-	-	-	-	-	-	-	-	-	-	-	-	-	-	-	-	-	-	-	-	-	-	-	-	-	-	-	-	-	-	-	-	-	-	-	-	-	-	-	-	-	-	-	-	-	-	-	-	-	-	-	-	-	-	-	-	-	-	-	-
trill	-	-	-	-	-	-	-	-	-	-	-	-	-	-	-	-	-	-	-	-	-	-	-	-	-	-	-	-	-	-	-	-	-	-	-	-	-	-	-	-	-	-	-	-	-	-	-	-	-	-	-	-	-	-	-	-	-	-	-	-	-	-	-	-	-	-	-	-	-	-	-	-	-	-	-	-	-	-	-	-	-	-	-	-	-	-	-	-	-	-	-	-	-	-	-	-	-	-	-	-	-	-	-	-	-	-	-	-	-	-	-	-	-	-	-	-	-	-	-	-	-	-	-	-	-	-	-	-	-	-	-	-	-	-	-	-	-	-	-	-	-	-	-	-	-	-	-	-	-	-	-	-	-	-	-	-	-	-	-	-	-	-	-	-	-	-	-	-	-	-	-	-	-	-	-	-	-	-	-	-	-	-	-	-	-	-	-	-	-	-	-	-	-	+	-	-	-	-	-	-	-	-	-	-	-	-	-	-	-	-	-	-	-	-	-	-	-	-	-	-	-	-	-	-	-	-	-	-	-	-	-	-	-	-	-	-	-	-	-	-	-	-	-	-	-	-	-	-,+	-	-	-	-	-	+	-	-	-	-	-	-	-	-	-	-	+	-	-	-	-	-	+	+	+	-	-	-	-	-	-	+	-	-	+	-	-	-	-	-	-	+	-	-	-	-	-	-	-	 	 	-	-	-	-	-	-	-	-	-	-	-	-	-	-	-	-	-	-	-	-	-	-	-	-	-	-	-	-	-	-	-	-	-	-	-	-	-	-	-	-	-	-	-	-	-	-	-	-	-	-	-	-	-	-	-	-	-	-	-	-	-	-	-	-	-	-	-	-	-	-	-	-	-	-	-	-	-	-	-	-	-	-	-	-	-	-	-	-	-	-	-	-	-	-	-	-	-	-	-	-	-	-	-	-	-	-	-	-	-	-	-	-	-	-	-	-	-	-	-	-	-	-	-	-	-	-	-	-	-	-	-	-	-	-	-	-	-	-	-	-	-	-	-	-	-	-	-
raised larynx ejective	-	-	-	-	-	-	-	+	-	-	-	-	-	-	-	-	-	-	-	-	-	-	-	-	-	-	-	-	-	-	-	-	+	+	+	+	-	-	-	-	-	-	-	-	-	-	-	-	-	-	-	-	-	+	-	-	-	-	-	-	-	-	-	-	-	-	-	-	-	-	-	-	+	+	-	-	-	-	-	-	-	-	-	-	+	+	-	-	-	-	-	-	-	-	-	-	-	+	-	-	-	-	-	-	-	-	-	-	-	-	-	-	-	-	-	-	+	-	-	-	-	-	-	-	-	-	-	-	-	-	-	-	-	-	-	-	-	-	-	-	-	-	-	-	-	-	-	-	-	-	-	-	-	-	-	-	-	-	-	-	-	-	-	-	-	-	-	-	-	-	-	-	-	-	-	-	-	-	-	-	-	-	-	+	+	-	-	-	-	-	-	-	-	-	-	-	-	-	-	-	-	-	-	-	-	-	-	-	-	-	+	-	-	-	-	-	-	-	-	-	-	-	-	-	-	-	-	-	-	-	-	-	-	-	-	-	-	-	-	-	-	-	-	-	-	-	-	-	-	-	-	-	-	-	-	-	-	-	-	-	-	-	-	-	-	-	-	-	-	-	-	-	-	-	-	-	-	-	-	-	-	-	-	-	-	-	-	-	-	-	-	-	-	-	-	-	-	 	 	-	-	-	-	-	-	-	-	-	-	-	-	-	-	-	-	-	-	-	-	-	-	-	-	-	-	-	-	-	-	-	-	-	-	-	-	-	-	-	-	-	-	-	-	-	-	-	-	-	-	-	-	-	-	-	-	-	-	-	-	-	-	-	-	-	-	-	-	-	-	-	-	-	-	-	-	-	-	-	-	-	-	-	-	-	-	-	-	-	-	-	-	-	-	-	-	-	-	-	-	-	-	-	-	-	-	-	-	-	-	-	-	-	-	-	-	-	-	-	-	-	-	-	-	-	-	-	-	-	-	-	-	-	-	-	-	-	-	-	-	-	-	-	-	-	-	-
epilaryngeal source	-	-	-	-	-	-	-	-	-	-	-	-	-	-	-	-	-	-	-	-	-	-	-	-	-	-	-	-	-	-	-	-	-	-	-	-	-	-	-	-	-	-	-	-	-	-	-	-	-	-	-	-	-	-	-	-	-	-	-	-	-	-	-	-	-	-	-	-	-	-	-	-	-	-	-	-	-	-	-	-	-	-	-	-	-	-	-	-	-	-	-	-	-	-	-	-	-	-	-	-	-	-	-	-	-	-	-	-	-	-	-	-	-	-	-	-	-	-	-	-	-	-	-	-	-	-	-	-	-	-	-	-	-	-	-	-	-	-	-	-	-	-	-	-	-	-	-	-	-	-	-	-	-	-	-	-	-	-	-	-	-	-	-	-	-	-	-	-	-	-	-	-	-	-	-	-	-	-	-	-	-	-	-	-	-	-	-	-	-	-	-	-	-	-	-	-	-	-	-	-	-	-	-	-	-	-	-	-	-	-	-	-	-	-	-	-	-	-	-	-	-	-	-	-	-	-	-	-	-	-	-	-	-	-	-	-	-	-	-	-	-	-	-	-	-	-	-	-	-	-	-	-	-	-	-	-	-	-	-	-	-	-	-	-	-	-	-	-	-	-	-	-	-	-	-	-	-	-	-	-	-	-	-	-	-	-	-	-	-	-	-	-	-	-	-	-	-	 	 	-	-	-	-	-	-	-	-	-	-	-	-	-	-	-	-	-	-	-	-	-	-	-	-	-	-	-	-	-	-	-	-	-	-	-	-	-	-	-	-	-	-	-	-	-	-	-	-	-	-	-	-	-	-	-	-	-	-	-	-	-	-	-	-	-	-	-	-	-	-	-	-	-	-	-	-	-	-	-	-	-	-	-	-	-	-	-	-	-	-	-	-	-	-	-	-	-	-	-	-	-	-	-	-	-	-	-	-	-	-	-	-	-	-	-	-	-	-	-	-	-	-	-	-	-	-	-	-	-	-	-	-	-	-	-	-	-	-	-	-	-	-	-	-	-	-	-
lowered larynx implosive	-	-	-	-	-	-	-	-	-	-	-	-	-	+	+	-	-	-	-	-	-	-	-	-	-	-	-	-	-	-	-	-	-	-	-	-	-	-	-	-	-	-	-	-	-	-	-	-	-	-	-	-	-	-	-	-	-	-	-	-	-	+	+	-	-	-	-	-	-	-	-	-	-	-	-	-	-	-	-	-	-	-	-	-	-	-	-	-	-	-	+	+	-	-	-	-	-	-	-	-	-	-	-	-	-	-	-	-	-	-	-	-	-	-	-	-	-	-	-	-	-	-	-	-	-	-	-	-	-	-	-	-	-	-	-	-	-	-	-	-	-	-	-	-	-	-	-	-	-	-	-	-	-	-	-	-	-	-	-	-	-	-	-	-	-	-	-	-	-	-	-	-	-	-	-	-	-	-	-	-	-	-	-	-	-	-	-	-	-	-	-	-	-	-	-	-	-	-	-	-	-	-	-	-	-	-	-	-	-	-	-	-	-	-	-	-	-	-	-	-	-	-	-	-	-	-	-	-	-	-	-	-	-	-	-	-	-	-	-	-	-	-	-	-	-	-	-	-	-	-	-	-	-	-	-	-	-	-	-	-	-	-	-	-	-	-	-	-	-	-	-	-	-	-	-	-	-	-	-	-	-	-	-	-	-	-	-	-	-	-	-	-	-	-	-	-	-	 	 	-	-	-	-	-	-	-	-	-	-	-	-	-	-	-	-	-	-	-	-	-	-	-	-	-	-	-	-	-	-	-	-	-	-	-	-	-	-	-	-	-	-	-	-	-	-	-	-	-	-	-	-	-	-	-	-	-	-	-	-	-	-	-	-	-	-	-	-	-	-	-	-	-	-	-	-	-	-	-	-	-	-	-	-	-	-	-	-	-	-	-	-	-	-	-	-	-	-	-	-	-	-	-	-	-	-	-	-	-	-	-	-	-	-	-	-	-	-	-	-	-	-	-	-	-	-	-	-	-	-	-	-	-	-	-	-	-	-	-	-	-	-	-	-	-	-	-
approximant	-	-	-	-	-	-	-	-	-	-	-	-	-	-	-	-	-	-	-	-	-	-	-	-	-	-	-	-	-	-	-	-	-	-	-	-	-	-	-	-	-	-	-	-	-	-	-	-	-	-	-	-	-	-	-	-	-	-	-	-	-	-	-	-	-	-	-	-	-	-	-	-	-	-	-	-	-	-	-	-	-	-	-	-	-	-	-	-	-	-	-	-	-	-	-	-	-	-	-	-	-	-	-	-	-	-	-	-	-	-	-	-	-	-	-	-	-	-	-	-	-	-	-	-	-	-	-	-	-	-	-	-	-	-	-	-	-	-	-	-	-	-	-	-	-	-	-	-	-	-	-	-	-	-	-	-	-	-	-	-	-	-	-	-	-	-	-	-	-	-	-	-	-	-	-	-	-	-	-	-	-	-	-	-	-	-	-	-	-	-	-	-	-	-	-	-	-	-	-	-	-	-	-	-	-	-	-	-	-	-	-,+	-	-	-	-	-	-	-	-	-	-	-	-	-	-	-	-	-	-	-	-	-	-	-	-	-	-	-	-	-	-	-	-	-	-	-	-	-,+	+	+	+	+	+	+	+	+	+	+	+	+	+	+	+	+	+	+	+	+	+	+	+	+	+	+	+	+	+	+	+	+	+	+	+	+	+	+	+	+	+	+	+	+	+	+	+	+	+	 	 	+	+	+	+	-	-	+	+	+	+	+	+	+	+	+	+	+	+	+	+	+	+	+	+	+	+	+	+	+	+	+	+	+	+	+	+	+	+	+	+	+	+	+	+	+	+	+	+	+	+	+	+	+	+	+	+	+	+	+	+	+	+	+	+	+	+	+	+	+	+	+	+	+	+	+	+	+	+	+	+	+	+	+	+	+	+	+	+	+	+	+	+	+	+	+	+	+	+	+	+	+	+	+	+	+	+	+	+	+	+	+	+	+	+	+	+	+	+	+	+	+	+	+	+	+	+	+	+	+	+	+	+	+	+	+	+	+	+	+	+	+	+	+	+	+	+	+
lateral	-	-	-	-	-	-	-	-	-	-	-	-	-	-	-	-	-	-	-	-	-	-	-	-	-	-	-	-	-	-	-	-	-	-	-	-	-	-	-	-	-	-	-	-	-	-	-	-	-	-	-	-	-	-	-	-	-	-	-	-	-	-	-	-	-	-	-	-	-	-	-	-	-	-	-	-	-	-	-	-	-	-	-	-	-	-	-	-	-	-	-	-	-	-	-	-	-	-	-	-	-	-	-	-	-	-	-	-	-	-	-	-	-	-	-	-	-	-	-	-	-	-	-	-	-	-	-	-	-	-	-	-	-	-	-	-	-	-	-	-	-	-	-	-	-	-	-	-	-	-	-	-	-	-	-	-	-	-	-	-	-	-	-	-	-	-	-	-	-	-	-	-	-	-	-	+	+	-	-	-	-	-	-	-	-	-	-	-	-	-	-	-	-	-	-	-	-	-	-	-	-	-	-	-	-	-	-	-	-	-	-,+	-	-	-	-	-	-	-	-	-	-	-	-	-	-	-	-	-	-	-	-	-	-	-	-	-	-	-	-	-	-	-	-	-	-	-	-	-	-	-	-	-	-	-	-	-	-	-	-	+	-	-	-	-	-	+	+	+	+	+	-	-	-	-	-	+	+	-	+	-	+	+	-	-	+	+	+	+	+	-	-	-	-	-	-	-	-	 	 	-	-	-	-	-	-	+	-	+	-	-	-	-	-	-	-	-	-	-	-	-	-	-	-	-	-	-	-	-	-	-	-	-	-	-	-	-	-	-	-	-	-	-	-	-	-	-	-	-	-	-	-	-	-	-	-	-	-	-	-	-	-	-	-	-	-	-	-	-	-	-	-	-	-	-	-	-	-	-	-	-	-	-	-	-	-	-	-	-	-	-	-	-	-	-	-	-	-	-	-	-	-	-	-	-	-	-	-	-	-	-	-	-	-	-	-	-	-	-	-	-	-	-	-	-	-	-	-	-	-	-	-	-	-	-	-	-	-	-	-	-	-	-	-	-	-	-
nasal	-	-	-	-	-	-	-	-	-	-	-	-	-	-	-	-	-	-	-	-	-	-	-	-	-	-	-	-	-	-	-	-	-	-	-	-	-	-	-	-	-	-	-	-	-	-	-	-	-	-	-	-	-	-	-	-	-	-	-	-	-	-	-	-	-	-	-	-	-	-	-	-	-	-	-	-	-	-	-	-	-	-	-	-	-	-	-	-	-	-	-	-	-	-	-	-	-	-	-	-	-	-	-	-	-	-	-	-	-	-	-	-	-	-	-	-	-	-	-	-	-	-	-	-	-	-	-	-	-	-	-	-	-	-	-	-	-	-	-	-	-	-	-	-	-	-	-	-	-	-	-	-	-	-	-	-	-	-	-	-	-	-	-	-	-	-	-	-	-	-	-	-	-	-	-	-	-	-	-	-	-	-	-	-	-	-	-	-	-	+	-	-	-	-	-	-	-	-	-	-	-	-	-	-	-	-	-	-	-	-	-	+,-	+,-	+,-	+,-	+,-	+,-	+,-	+,-	+	+	+	+	+	+	+	+	+	+	+	+	+	+	+	+	+	+	+	+	+	+	+	+	+	+	+	+	+,-	-	-	-	-	-	-	-	-	-	-	-	-	-	+	-	-	-	-	-	-	-	-	-	-	-	-	-	-	-	-	-	+	-	-	-	-	-	-	-	-	-	-	-	-	-	+	-	-	+	 	 	-	-	-	-	+	+	-	-	-	-	-	-	-	-	-	-	-	-	-	-	-	-	-	-	-	-	-	-	-	-	-	-	-	-	-	-	-	-	-	-	-	-	-	-	-	-	-	-	-	-	-	-	-	-	+	+	+	+	+	+	+	+	+	+	+	+	+	+	+	+	+	-	-	-	-	-	-	-	-	-	-	-	-	-	-	-	-	-	-	-	-	-	-	-	-	-	-	-	-	-	-	-	-	-	-	-	-	-	-	-	-	-	-	-	-	-	-	-	-	-	-	-	-	-	-	-	-	-	-	-	-	-	+	+	+	+	+	+	+	+	+	+	-	-	-	-	-
consonantal	+	+	+	+	+	+	+	+	+	+	+	+	+	+	+	+	+	+	+	+	+	+	+	+	+	+	+	+	+	+	+	+	+	+	+	+	+	+	+	+	+	+	+	+	+	+	+	+	+	+	+	+	+	+	+	+	+	+	+	+	+	+	+	+	+	+	+	+	+	+	+	+	+	+	+	+	+	+	+	+	+	+	+	+	+	+	+	+	+	+	+	+	+	+	+	+	+	+	+	+	+	+	+	+	+	+	+	+	+	+	+	+	+	+	+	+	+	+	+	+	+	+	+	+	+	+	+	+	+	+	+	+	+	+	+	+	-	-	-	+	+	-	+	+	+	+	+	+	+	+	+	+	+	+	+	+	+	+	-	+	+	+	+	+	+	+	+	+	+	+	+	+	+	+	+	+	+	+	+	+	+	+	+	+	+	+	+	+	+	+	+	+	+	+	+	+	+	+	+	+	+	+	+	+	+	+	+	+	+	+	+	+	+	+	+	+	+	+	+	+	+	+	+	+	+	+	+	+	+	+	+	+	+	+	+	+	+	+	+	+	+	+	+	+	+	+	+	+	-	-	-	-	-	+	-	-	-	-	+	+	+	+	+	-	+	+	+	+	+	+	+	+	+	+	+	+	+	+	+	+	+	+	+	+	+	+	+	+	+	+	-	-	-	-	-	-	-	 	 	-	-	-	-	+	+	+	-	+	-	-	-	-	-	-	-	-	-	-	-	-	-	-	-	-	-	-	-	-	-	-	-	-	-	-	-	-	-	-	-	-	-	-	-	-	-	-	-	-	-	-	-	-	-	-	-	-	-	-	-	-	-	-	-	-	-	-	-	-	-	-	-	-	-	-	-	-	-	-	-	-	-	-	-	-	-	-	-	-	-	-	-	-	-	-	-	-	-	-	-	-	-	-	-	-	-	-	-	-	-	-	-	-	-	-	-	-	-	-	-	-	-	-	-	-	-	-	-	-	-	-	-	-	-	-	-	-	-	-	-	-	-	-	-	-	-	-
stress	-	-	-	-	-	-	-	-	-	-	-	-	-	-	-	-	-	-	-	-	-	-	-	-	-	-	-	-	-	-	-	-	-	-	-	-	-	-	-	-	-	-	-	-	-	-	-	-	-	-	-	-	-	-	-	-	-	-	-	-	-	-	-	-	-	-	-	-	-	-	-	-	-	-	-	-	-	-	-	-	-	-	-	-	-	-	-	-	-	-	-	-	-	-	-	-	-	-	-	-	-	-	-	-	-	-	-	-	-	-	-	-	-	-	-	-	-	-	-	-	-	-	-	-	-	-	-	-	-	-	-	-	-	-	-	-	-	-	-	-	-	-	-	-	-	-	-	-	-	-	-	-	-	-	-	-	-	-	-	-	-	-	-	-	-	-	-	-	-	-	-	-	-	-	-	-	-	-	-	-	-	-	-	-	-	-	-	-	-	-	-	-	-	-	-	-	-	-	-	-	-	-	-	-	-	-	-	-	-	-	-	-	-	-	-	-	-	-	-	-	-	-	-	-	-	-	-	-	-	-	-	-	-	-	-	-	-	-	-	-	-	-	-	-	-	-	-	-	-	-	-	-	-	-	-	-	-	-	-	-	-	-	-	-	-	-	-	-	-	-	-	-	-	-	-	-	-	-	-	-	-	-	-	-	-	-	-	-	-	-	-	-	-	-	-	-	-	 	 	-	-	-	-	-	-	-	-	-	-	-	-	-	-	-	-	-	-	-	-	-	-	-	-	-	-	-	-	-	-	-	-	-	-	-	-	-	-	-	-	-	-	-	-	-	-	-	-	-	-	-	-	-	-	-	-	-	-	-	-	-	-	-	-	-	-	-	-	-	-	-	-	-	-	-	-	-	-	-	-	-	-	-	-	-	-	-	-	-	-	-	-	-	-	-	-	-	-	-	-	-	-	-	-	-	-	-	-	-	-	-	-	-	-	-	-	-	-	-	-	-	-	-	-	-	-	-	-	-	-	-	-	-	-	-	-	-	-	-	-	-	-	-	-	-	-	-
front	 	 	 	 	 	 	 	 	 	 	 	 	 	 	 	 	 	 	 	-	-	-	-	+	+	-	-	-	-	+	-	+	-	-	-	+	-	-	-	-	+	+	-	-	-	+	+	-	+	-	-	-	-	-	-	 	 	 	 	 	 	 	 	 	 	 	 	 	 	 	 	 	 	 	 	 	 	 	 	 	 	 	 	 	 	 	 	 	 	 	 	 	 	 	 	 	 	 	 	 	 	 	 	 	 	 	 	 	 	 	 	+	+	+	+	+	+	+	+	+	+	+	+	+	+	+	+	+	+	+	+	+	+	+	-	-	 	 	 	 	 	 	 	 	 	 	 	-	-	-	-	-	-	-	-	-	-	-	-	-	-	-	-	-	-	+	+	 	 	 	 	 	 	 	 	 	 	 	 	 	 	 	 	 	 	 	 	 	 	 	 	 	 	 	 	 	 	 	 	+	+	-	-	+	-	+	+	+	+	+	-	 	-	 	 	 	 	 	 	 	 	 	 	 	 	 	 	-	-	-	+	-	 	 	 	 	 	 	 	 	 	+	+	+	+	+	+	 	 	 	-	+	+	-	+	-	-	+	 	 	 	 	 	 	 	 	 	 	 	 	 	 	 	 	 	 	 	 	 	 	 	 	 	 	 	 	+	-	+	+	-	+	+	+	-	-	-	 	 	-,+	+	-	-,+	 	-	 	 	 	-	-	-	-	-	-	-	-	-	-	-	-	-	-	-	-	-	-	-	-	-,+	-,+	+,-	+,-	+,-	+,-	+	+	+	+	+	+	+	+	+	+	+	+	+	+	+	+	+	+	+	-	-	-	-	-	-	-	-	+	+	+	+	+	+	+	+	+	-	-	-	-	+	+	+	+	+	+	-	-	-	+,-,-	+,-	+,-	+,-	+,-	+,-,-	-,+	-,+,+	-	-	-	-	-,+	-,+	-,+	+	-	-	-	-	-	-	-	-	-	-	-	-	-	-	-	-	-	-	-	-	-	-	-	-	+	+	+	+	+	+	+	+	-	-	-	-	-	-	-	-	-	+	-	-	-	-	-
back	 	 	 	 	 	 	 	 	 	 	 	 	 	 	 	 	 	 	 	-	-	+	+	-	+	+	-	-	+	+	-	+	-	-	+	+	-	-	+	+	-	+	-	-	-	+	+	-	+	-	-	+	-	-	-	 	 	 	 	 	 	 	 	 	 	 	 	 	 	 	 	 	 	 	 	 	 	 	 	 	 	 	 	 	 	 	 	 	 	 	 	 	 	 	 	 	 	 	 	 	 	 	 	 	 	 	 	 	 	 	 	-	-	-	-	-	-	-	-	-	-	-	+	+	+	+	+	+	-	+	-	-	-	-	-	-	 	 	 	 	 	 	 	 	 	 	 	-	+	+	+	+	-	-	+	+	+	+	+	+	-	+	+	-	+	+	+	 	 	 	 	 	 	 	 	 	 	 	 	 	 	 	 	 	 	 	 	 	 	 	 	 	 	 	 	 	 	 	 	-	-	-	+	+	+	+	+	+	-	-	-	 	-	 	 	 	 	 	 	 	 	 	 	 	 	 	 	-	-	-	+	-	 	 	 	 	 	 	 	 	 	-	-	-	+	+	-	 	 	 	+	-	-	+	-	+	+	-	 	 	 	 	 	 	 	 	 	 	 	 	 	 	 	 	 	 	 	 	 	 	 	 	 	 	 	 	-	+	+	+	-	-	-	-	+	+	+	 	 	-	-	-,+	+,-	 	-	 	 	 	-	-	-	-	-	-	-	-	-	-	-	+,-	+	+	+	+	+	+	+	+	-	-	-	-	-	-,+	-	-	-	-	-	-	-	-	-	-	-	-	-	-	-	-	-	-	-	-	-	-	-	+	+	+	+	-	-	-	-	-	-	-	-	-	-	-	-	+	-	-	-	-	-	-	-	-,+	-,+	-,+	-,+	-,+	-,+	-,+	-,+,+	+,-,-	+,-,-	+,-	+,-	+,-	+	+,-	+,-	+,-	-	-	-	-	-	-	-	-	+	+	+	+	+	+	+	+	+	+	+	+	+	+	+	+	+	-	-	-	-	-	-	-	-	-	+	+	+	+	+	+	+	+	-	+	+	+	+	+
high	 	 	 	 	 	 	 	 	 	 	 	 	 	 	 	 	 	 	 	+	+	-	-	+	+	-	+	+	-	+	+	+	+	+	-	+	+	+	-	-	+	+	+	+	+	+	+	+	+	+	+	-	+	+	+	 	 	 	 	 	 	 	 	 	 	 	 	 	 	 	 	 	 	 	 	 	 	 	 	 	 	 	 	 	 	 	 	 	 	 	 	 	 	 	 	 	 	 	 	 	 	 	 	 	 	 	 	 	 	 	 	+	+	+	+	+	+	+	+	+	+	+	+	+	+	+	+	+	+	+	+	+	+	+	+	+	 	 	 	 	 	 	 	 	 	 	 	+	-	-	-	-	+	+	-	-	-	-	+	+	+	-	-	+	-	+	+	 	 	 	 	 	 	 	 	 	 	 	 	 	 	 	 	 	 	 	 	 	 	 	 	 	 	 	 	 	 	 	 	+	+	+	+	+	+	+	+	+	+	+	+	 	+	 	 	 	 	 	 	 	 	 	 	 	 	 	 	+	+	+	+	+	 	 	 	 	 	 	 	 	 	+	+	+	+	+	+	 	 	 	+	+	+	-	+	+	+	+	 	 	 	 	 	 	 	 	 	 	 	 	 	 	 	 	 	 	 	 	 	 	 	 	 	 	 	 	+	+	+	+	-	-	-	-	-	-	-	 	 	-,+	-,+	-,+	-,+	 	+	 	 	 	-	-	-	-	-	-	-	-	-,+	+	+	+,-	-	-	-	-	-	+,-	+	+	-,+	-,+	-	+,-	+,-	+,-	-	-	-	-	-	-	-	-	-	-	-,+	-,+	-,+	+,-	+	+	+	+	+	-	-	-	+	-	-	-	+	-	-	-	-	-	-,+	+	+	+	-	-	-	-	-	-	-	-	+	+	-	-,+	-,+	+,-,+	-	-,+	-,+	+	+,-,+	+,-,+	+,-,+	-	+,-	+,-	+,-	-,+	-,+	+	+,-	-	-	-	-	-	+	+	-	-	-	-	-	-	-	-	-,+	-,+	-,+	+,-	+	+	+	+	+	-	-	-	-	-,+	+	+	+	-	-	-	-	-	-,+	+	+	+	-	-	-	-	-	+
low	 	 	 	 	 	 	 	 	 	 	 	 	 	 	 	 	 	 	 	-	-	-	-	-	-	-	-	-	-	-	-	-	-	-	-	-	-	-	-	-	-	-	-	-	-	-	-	-	-	-	-	-	-	-	-	 	 	 	 	 	 	 	 	 	 	 	 	 	 	 	 	 	 	 	 	 	 	 	 	 	 	 	 	 	 	 	 	 	 	 	 	 	 	 	 	 	 	 	 	 	 	 	 	 	 	 	 	 	 	 	 	-	-	-	-	-	-	-	-	-	-	-	-	-	-	-	-	-	-	-	-	-	-	-	-	-	 	 	 	 	 	 	 	 	 	 	 	-	-	-	+	+	-	-	-	-	+	+	-	-	-	-	+	-	-	-	-	 	 	 	 	 	 	 	 	 	 	 	 	 	 	 	 	 	 	 	 	 	 	 	 	 	 	 	 	 	 	 	 	-	-	-	-	-	-	-	-	-	-	-	-	 	-	 	 	 	 	 	 	 	 	 	 	 	 	 	 	-	-	-	-	-	 	 	 	 	 	 	 	 	 	-	-	-	-	-	-	 	 	 	-	-	-	-	-	-	-	-	 	 	 	 	 	 	 	 	 	 	 	 	 	 	 	 	 	 	 	 	 	 	 	 	 	 	 	 	-	-	-	-	-	-	+,-	+,-	-	-	-	 	 	+,-	-	+,-	-	 	-	 	 	 	-	-	-	-	-	-	+	+	-	-	-	-	-	-	-	+	+	-	-	-	-	+,-	-,+	-	-,+	-	-	-	-	-	-	-	-	+	+	+	-	-	+,-	-	-	-	-	-	-	-	+	+	-	-	+	+	-	-	-	-	+	+	-	-	-	-	-	+	+	+	-	-	-	-	-	-	+	-	+,-	-,+,-	-	-	-	-	-	-,+,-	-	-,+	-	-,+	-	-	-	-	-	-	-	-	-	+	-	-	-	-	-	-	-	-	+	+	-	-	-	-	-	-	-	-	-	-	-	-	-	-	-	-	-	+	-	-	-	+	-	-	-	-	-	-	-	-	-	-
tense	 	 	 	 	 	 	 	 	 	 	 	 	 	 	 	 	 	 	 	 	 	 	 	 	 	 	 	 	 	 	 	 	 	 	 	 	 	 	 	 	 	 	 	 	 	 	 	 	 	 	 	 	 	 	 	 	 	 	 	 	 	 	 	 	 	 	 	 	 	 	 	 	 	 	 	 	 	 	 	 	 	 	 	 	 	 	 	 	 	 	 	 	 	 	 	 	 	 	 	 	 	 	 	 	 	 	 	 	 	 	 	 	 	 	 	 	 	 	 	 	 	 	 	 	 	 	 	 	 	 	 	 	 	 	 	 	 	 	 	 	 	 	 	 	 	 	 	 	 	 	 	 	 	 	 	 	 	 	+	 	 	 	 	 	 	 	 	 	 	 	 	 	 	 	 	 	 	 	 	 	 	 	 	 	 	 	 	 	 	 	 	 	 	 	 	 	 	 	 	 	 	 	 	 	 	 	 	 	 	 	 	 	 	 	 	 	 	 	 	 	 	 	 	 	 	 	 	 	 	 	 	 	 	 	 	 	 	 	 	 	 	 	 	 	 	 	 	 	 	 	+	+	+	 	+	+	+	+	 	 	 	 	 	 	 	 	 	 	 	 	 	 	 	 	 	 	 	 	 	 	 	 	 	 	 	 	 	 	 	 	-	+	+	+	-,+	+	-,+	 	 	+	-,+	+	+	 	 	 	 	 	-	-	-	-	+	+	 	 	-,+	+	+	+,-	-	+	+	 	 	+,-	+	+	-,+	+	+	+,-	+	+,-	-	-	-	+	+	+	+	 	 	 	+	+	+	+	-	-	+	+	+	-	 	 	+	+	 	 	+	-	+	+	 	 	+	-	+	+	-	 	 	 	-	-	+	+	+	+	 	-,+	+	+	+	-,+	+	+	+	+	+	+	+,-	+	+,-	-,+	+	+	+	-	-	+	+	 	+	+	-	-	-	+	+	+	 	 	-,+	+	+	+	-	-	+	+	+	-	-	+	+	-,+	-	+	+	 	-	+	+	 	+	-	+	+	-	-	-	+	+	+
advanced tongue root	 	 	 	 	 	 	 	 	-	-	 	 	 	 	 	 	 	 	 	 	 	 	 	 	 	 	 	 	 	 	 	 	 	 	 	 	 	 	 	 	 	 	 	 	 	 	 	 	 	 	 	 	 	 	 	 	 	 	 	 	 	 	 	 	 	 	 	 	 	 	 	 	 	 	 	 	 	 	-	-	 	 	 	 	 	 	-	-	 	 	 	 	 	 	 	 	 	 	 	 	 	 	 	 	 	 	 	 	 	 	 	 	 	 	 	 	 	 	 	 	 	 	 	 	 	 	 	 	 	 	 	 	 	 	 	 	 	 	 	 	 	 	 	 	 	 	 	 	 	 	 	 	 	 	 	 	 	 	 	 	 	 	 	 	 	 	 	 	 	 	 	 	 	 	 	 	 	-	-	 	 	 	 	 	 	-	-	 	 	 	 	-	 	 	 	 	 	 	 	 	 	 	 	 	 	 	 	 	 	 	 	 	 	 	 	 	 	 	 	 	-	-	 	 	 	 	 	 	 	 	 	 	 	 	 	 	 	 	 	 	 	 	 	 	 	 	 	 	 	 	 	 	 	 	 	 	 	 	 	 	 	 	 	 	 	 	-	-	 	 	-	 	 	-	 	 	 	 	 	 	 	 	 	 	 	 	 	 	 	 	-	-	-	-	-	-	-	 	 	-	-	-	-	 	 	 	 	 	-	-	-	+	-	-	-	-	-	-	-	-	-	-	-	-	-	-	-	-	-	-	-	-	-	-	-	-	+	-	-	-	+	-	-	-	-	-	-	-	-	-	-	-	-	-	-	-	-	-	-	-	-	-	-	-	-	-	-	-	-	-	-	-	-	-	-	-	-	-	-	-	-	-	-	-	-	-	-	-	-	-	-	-	-	-	-	-	-	-	-	-	-	-	-	-	-	-	-	-	+	-	-	+	-	-	-	-	-	-	-	-	-	-	-	-	-	-	-	-	-	-	-	-	-	-	-	-	-	-	-	-	-	-	-	-	-	-
retracted tongue root	 	 	 	 	 	 	 	 	+	+	 	 	 	 	 	 	 	 	 	 	 	 	 	 	 	 	 	 	 	 	 	 	 	 	 	 	 	 	 	 	 	 	 	 	 	 	 	 	 	 	 	 	 	 	 	 	 	 	 	 	 	 	 	 	 	 	 	 	 	 	 	 	 	 	 	 	 	 	+	+	 	 	 	 	 	 	+	+	 	 	 	 	 	 	 	 	 	 	 	 	 	 	 	 	 	 	 	 	 	 	 	 	 	 	 	 	 	 	 	 	 	 	 	 	 	 	 	 	 	 	 	 	 	 	 	 	 	 	 	 	 	 	 	 	 	 	 	 	 	 	 	 	 	 	 	 	 	 	 	 	 	 	 	 	 	 	 	 	 	 	 	 	 	 	 	 	 	+	+	 	 	 	 	 	 	+	+	 	 	 	 	+	 	 	 	 	 	 	 	 	 	 	 	 	 	 	 	 	 	 	 	 	 	 	 	 	 	 	 	 	+	+	 	 	 	 	 	 	 	 	 	 	 	 	 	 	 	 	 	 	 	 	 	 	 	 	 	 	 	 	 	 	 	 	 	 	 	 	 	 	 	 	 	 	 	 	+	+	 	 	+	 	 	+	 	 	 	 	 	 	 	 	 	 	 	 	 	 	 	 	-	-	-	-	-	-	-	 	 	-	-	-	-	 	 	 	 	 	-	-	-	-	-	-	-	-	+	-	-	-	-	-	-	-	-	-	-	-	-	-	-	-	-	-	-	-	-	-	-	-	-	-	-	+	-	+	-	-	-	-	-	-	-	-	-	-	-	-	-	-	-	-	-	-	-	-	-	-	-	-	-	-	-	-	-	-	-	-	-	-	-	-	-	-	-	-	-	-	-	-	-	-	-	-	-	-	-	-	-	-	-	-	-	-	-	-	-	-	-	-	-	-	-	-	-	-	+	-	-	-	-	-	-	-	-	-	-	-	-	-	-	-	-	-	-	-	-	-	-	-	-	-	-	-	-	-
round	 	 	-	-	-	-	-	-	-	-	-	-	+	-	-	-	-	+	-	 	 	 	 	 	 	 	 	 	 	 	 	 	 	 	 	 	 	 	 	 	 	 	 	 	-	-	-	-	-	+	+	+	+	+	+	 	 	 	 	 	 	 	 	 	 	 	 	 	 	 	 	 	 	 	 	 	 	 	 	 	 	 	 	 	 	 	 	 	 	 	 	 	 	 	 	 	 	 	 	 	 	 	 	 	 	 	 	 	 	 	+	 	 	 	 	 	 	 	 	 	 	 	 	 	 	 	 	 	 	 	 	 	+	+	 	 	 	 	 	-	-	+	-	-	+	-	-	 	 	 	 	 	 	 	 	 	 	 	+	-	+	+	+	+	+	-	-	 	 	 	 	 	 	 	 	 	 	 	 	 	 	 	 	 	 	 	 	 	 	 	 	 	 	 	 	 	 	 	+	 	 	 	 	 	 	 	 	 	 	 	 	-	 	 	 	 	 	-	 	-	-	-	-	-	+	-	-	 	 	 	-	+	 	 	 	 	 	 	 	 	 	 	 	 	 	 	+	 	-	-	 	 	 	 	 	+	+	+	 	 	 	 	 	 	 	 	 	 	 	 	 	 	 	 	 	 	 	 	 	 	 	 	 	 	 	+	 	 	 	 	 	 	 	 	+	+	+	 	 	 	 	+	+	-	 	 	 	 	 	 	 	 	 	 	 	 	 	 	 	 	 	 	 	 	 	 	 	 	 	 	 	 	 	 	 	 	 	 	 	 	 	 	 	 	 	 	 	 	 	 	 	 	 	 	 	 	 	 	 	 	 	 	 	 	 	 	 	 	 	 	 	 	 	 	 	 	 	 	 	 	 	+	+	+	+	+	+	+	+	+	+	+	+	+	+	+	+	+	+	+	+	+	+	+	+	+	+	+	+	+	+	+	+	+	+	+	+	+	+	+	+	+	+	+	+	+	+	+	+	+	+	+	+	+	+	+	+	+	+	+	+	+	+	+	+	+
long	-	+	-	+	-	+	-	-	-	+	-	+	+	-	+	-	+	-	-	-	+	-	+	-	-	-	-	+	-	-	-	-	-	+	-	-	-	+	-	+	-	-	-	+	-	-	-	-	-	-	+	-	-	-	-	-	+	-	+	-	+	-	+	-	+	-	-	-	+	-	+	-	-	+	-	+	-	+	-	+	-	+	-	-	-	+	-	+	-	+	-	+	-	-	-	+	-	-	-	+	-	+	-	+	-	+	-	+	-	-	-	-	-	+	-	-	-	-	+	-	+	-	-	-	-	-	-	-	-	-	-	-	-	-	-	-	-	+	-	-	-	-	-	+	+	-	+	-	-	+	-	+	-	-	-	+	-	+	-	-	-	-	-	-	-	-	-	-	-	-	-	+	-	+	-	-	-	-	+	-	+	-	-	-	+	-	+	-	+	-	-	-	-	-	-	+	-	+	-	-	-	-	-	-	-	-	-	-	-	-	-	-	-	-	-	-	-	-	-	-	-	+	-	+	+	-	-	-	-	+	-	-	-	-	-	-	+	-	-	+	-	-	-	+	-	-	-	-	-	+	-	-	+	-	-	-	+	-	-	-	-	-	-	-	-	-	-	+	-	+	+	-	+	-	-	-	-	-	-	-	-	+	-	-	-	-	-	-	-	-	-	-	-	-	-	-	-	 	 	-	-	-	-	-	-	-	-	-	-	-	+	+	-	+	-	+	-	-	+	-	-	-	+	-	+	-	-	+	-	-	-	-	-	-	-	+	+	-	-	+	+	-	+	+	-	-	-	-	-	+	-	-	+	-	-	+	-	-	-	+	-	-	-	+	-	+	-	-	-	+	-	-	+	-	-	+	-	+	-	+	-	-	-	-	-	-	-	-	-	-	-	-	-	-	-	-	-	-	-	-	+	-	+	-	-	+	-	+	+	-	+	+	-	+	-	-	-	-	-	+	-	-	+	-	+	-	+	-	-	-	+	-	-	-	+	-	-	-	-	+	-	-	+	-	+	+
short	-	-	-	-	-	-	-	-	-	-	-	-	-	-	-	-	-	-	-	-	-	-	-	-	-	-	-	-	-	-	-	-	-	-	-	-	-	-	-	-	-	-	-	-	-	-	-	-	-	-	-	-	-	-	-	-	-	-	-	-	-	-	-	-	-	-	-	-	-	-	-	-	-	-	-	-	-	-	-	-	-	-	-	-	-	-	-	-	-	-	-	-	-	-	-	-	-	-	-	-	-	-	-	-	-	-	-	-	-	-	-	-	-	-	-	-	-	-	-	-	-	-	-	-	-	-	-	-	-	-	-	-	-	-	-	-	-	-	-	-	-	-	-	-	-	-	-	-	-	-	-	-	-	-	-	-	-	-	-	-	-	-	-	-	-	-	-	-	-	-	-	-	-	-	-	-	-	-	-	-	-	-	-	-	-	-	-	-	-	-	-	-	-	-	-	-	-	-	-	-	-	-	-	-	-	-	-	-	-	-	-	-	-	-	-	-	-	-	-	-	-	-	-	-	-	-	-	-	-	-	-	-	-	-	-	-	-	-	-	-	-	-	-	-	-	-	-	-	-	-	-	-	-	-	-	-	-	-	-	-	-	-	-	-	-	-	-	-	-	-	-	-	-	-	-	-	-	-	-	-	-	-	-	-	-	-	-	-	-	-	-	-	-	-	-	-	-	 	 	-	-	-	-	-	-	-	-	-	-	+	-	-	-	-	-	-	-	-	-	-	-	-	-	-	-	-	-	-	-	-	-	-	-	-	-	-	-	-	+	-	-	-	-	-	-	-	-	-	-	-	-	+	-	-	-	-	-	-	-	-	-	-	-	-	-	-	-	-	-	-	-	-	-	-	-	-	-	-	-	-	-	-	-	-	-	-	-	-	-	-	-	-	-	-	-	-	-	-	-	-	-	-	-	-	-	-	-	-	-	-	-	-	-	-	-	-	-	-	-	-	-	+	-	-	-	-	-	-	-	-	-	-	-	-	-	-	-	-	-	-	-	-	-	-	-	-
tone	 	 	 	 	 	 	 	 	 	 	 	 	 	 	 	 	 	 	 	 	 	 	 	 	 	 	 	 	 	 	 	 	 	 	 	 	 	 	 	 	 	 	 	 	 	 	 	 	 	 	 	 	 	 	 	 	 	 	 	 	 	 	 	 	 	 	 	 	 	 	 	 	 	 	 	 	 	 	 	 	 	 	 	 	 	 	 	 	 	 	 	 	 	 	 	 	 	 	 	 	 	 	 	 	 	 	 	 	 	 	 	 	 	 	 	 	 	 	 	 	 	 	 	 	 	 	 	 	 	 	 	 	 	 	 	 	 	 	 	 	 	 	 	 	 	 	 	 	 	 	 	 	 	 	 	 	 	 	 	 	 	 	 	 	 	 	 	 	 	 	 	 	 	 	 	 	 	 	 	 	 	 	 	 	 	 	 	 	 	 	 	 	 	 	 	 	 	 	 	 	 	 	 	 	 	 	 	 	 	 	 	 	 	 	 	 	 	 	 	 	 	 	 	 	 	 	 	 	 	 	 	 	 	 	 	 	 	 	 	 	 	 	 	 	 	 	 	 	 	 	 	 	 	 	 	 	 	 	 	 	 	 	 	 	 	 	 	 	 	 	 	 	 	 	 	 	 	 	 	 	 	 	 	 	 	 	 	 	 	 	 	 	 	 	 	 	 	+	+	 	 	 	 	 	 	 	 	 	 	 	 	 	 	 	 	 	 	 	 	 	 	 	 	 	 	 	 	 	 	 	 	 	 	 	 	 	 	 	 	 	 	 	 	 	 	 	 	 	 	 	 	 	 	 	 	 	 	 	 	 	 	 	 	 	 	 	 	 	 	 	 	 	 	 	 	 	 	 	 	 	 	 	 	 	 	 	 	 	 	 	 	 	 	 	 	 	 	 	 	 	 	 	 	 	 	 	 	 	 	 	 	 	 	 	 	 	 	 	 	 	 	 	 	 	 	 	 	 	 	 	 	 	 	 	 	 	 	 	 	 	 	 	 	 	 	 
Primary Articulator	G	G	L	L	L	L	L	L	L	L	L	L	L	L	L	L	L	G	L	B	B	B	B	B	B	B	B	B	B	B	B	G	B	B	B	B	B	B	B	B	B	B	B	B	L	L	L	L	L	B	B	B	B	B	B	T	T	T	T	T	T	T	T	T	T	T	T	T	T	T	T	T	T	T	T	T	T	T	T	T	T	T	T	T	T	T	T	T	T	T	T	T	T	T	T	T	T	T	T	T	T	T	T	T	T	T	T	T	T	T	T	B	B	B	B	B	B	B	B	B	B	B	T	T	T	T	T	T	T	T	T	T	B	B	T	T	G	G	G	L	L	G	L	L	L	L	L	B	B	B	R	R	B	B	B	B	R	R	L	L	B	B	R	B	B	L	L	T	T	T	T	T	T	T	T	T	T	T	T	T	T	T	T	T	T	T	T	T	T	T	T	T	T	T	T	T	T	T	T	B	B	T	T	T	T	T	T	T	T	T	B	L	B	T	T	T	T	L	T	L	L	L	L	L	L	L	L	B	B	B	L	B	T	T	T	T	T	T	T	T	T	B	B	B	T	T	B	T	L	L	B	B	B	B	B	L	L	L	T	T	T	T	T	T	T	T	T	T	T	T	T	T	T	T	T	T	T	T	T	T	T	T	T	T	T	T	B	T	T	T	S	S	S	S	S	S	S	T	T	B	B	L	B	L	B	T	T	T	S	S	S	S	S	S	S	S	S	S	S	S	S	S	S	S	S	S	S	S	S	S	S	S	S	S	S	S	S	S	S	S	S	S	S	S	S	S	S	S	S	S	S	S	S	S	S	S	S	S	S	S	S	S	S	S	S	S	S	S	S	S	S	S	S	S	S	S	S	S	S	S	S	S	S	S	S	S	S	S	S	S	S	S	S	S	S	S	S	S	S	S	S	S	S	S	S	S	S	S	S	S	S	S	S	S	S	S	S	S	S	S	S	S	S	S	S	S	S	S	S	S	S	S	S	S	S	S	S	S	S	S	S	S	S	S	S	S
Universal	ʔ	ʔː	p,p͉	pː	pʰ	pʰː	pˀ	pʼ	bˤ	bˤː	b	bː	bʷː	ɓ	ɓː	b̤	b̤ː	ʔʷ	pf	k,k͉	kː	q	qː	k̟	kʲ	qχ	kʰ	kʰː	qʰ	kʲʰ	kˀ	ʔʲ	kʼ	kʼː	qʼ	kʲʼ	ɡ	ɡː	ɢ	ɢː	ɡ̟	ɡʲ	ɡ̤,ɡʰ	ɡ̤ː	kp	pʲ	pʲʰ	ɡb	bʲ	kʷ	kʷː	qʷ	kʷʰ,kʰʷ	kʷʼ	ɡʷ	ʈ	ʈː	ʈʰ	ʈʰː	ɖ	ɖː	ᶑ	ᶑː	ɖ̤	ɖ̤ː	ʈʂ	ʈʂʰ,t̠ʃ̺ʰ	t̠ʃ,t̠ʃ͉	t̠ʃː	t̠ʃʰ	t̠ʃʰː	t̠ʃˀ	t̠ʃʼ	t̠ʃʼː	d̠ʒ	d̠ʒː	d̠ʒ̤	d̠ʒ̤ː	tˤ	tˤː	t,t͉	tː	tʰ	tˀ	tʼ	tʼː	dˤ	dˤː	d	dː	ɗ	ɗː	d̤	dˀ	ts	tsː	tsʰ	tsʼ	dz	dzː	t̪,t̻	t̪ː,t̻ː	t̪ʰ,t̻ʰ	t̪ʰː,t̻ʰː	d̪,d̻	d̪ː,d̻ː	d̪̤	d̪̤ː	t̪s,t̪s̪,t̻s̻	d̪z̪,d̻z̻	tʰʷ	c	cç	cçː,çː	cʰ	cçʰ	cʼ	ɟ	ɟː	ɟʝ	ɟʝː	ɟ̤ʝ	t̠ʃʲ	tʲʰ	dʲ	tsʲ	t̪ʲ,t̻ʲ	d̪ʲ,d̻ʲ	tɕ	t̪s̪ʲ	tɕʰ	dʑ	cçʷ,çʷ,cʷ	ɟʝʷ	kǃ̠	kǁ͓,kǃ͓	h	hː	ɦ	ɸ	β	hʷ	f,f͉	fː	fʷː	v	vː	x	χ	χː	ħ	ħː	ɣˀ	ɣ	ʁ̞,ʁ	ʁː	ʕ	ʕː	ʍ	β̞ˠ	xʷ	χʷ	ħʷ	ɣʷ	ʁʷ	fʲ	vʲ	ʂ,ʃ̺	ʃˀ	ʐ͇,ʐ	ʃ,ʃ͉	ʃː	ʒ	ʒː	ʒˀ	ɬ	ɮ	sˤ	sˤː	s,s͉	sː	sʰ	sˀ	sʼ	sʼː	zˤ	zˤː	z	zː	zˀ	θ	ðˤ	ð,ð͉	r͓̪	s̪,s̻	s̪ː,s̻ː	z̪,z̻	z̪ː	sʷ	ç	ʝ	ɧ	ʃˠ	ʃʲ	ʒˠ	ʒʲ	sʲ	zʲ	ɕ	ʑ	kʟ̥ʼ	mb	ŋɡ	n̠d̠ʒ	nd	ndz	n̪d̪	ɱv	nz	m̥	mˤ	mˤː	m	mː	mʷː	m̤	ɱ	ŋ̥	ŋ	ŋː	mʲ	ŋʷ	ɳ	n̠	n̥	n	nː	n̤	n̪,n̻	n̪ː,n̻ː	n̪̤	ɲ̥	ɲ,ɲ̟	ɲː	nʲ	n̻ʲ	ɲʷ	nr	ʋ	ʋː	ɰ	j	jː	ʀ	j̰	w	wː	ɥ	ɻ	ɭ	ɽ	ɽ̃	ɽ̤	ɹ	r̠	l̥	lˤ	lˤː	l	lː	rˤː	r,r̝	rː	ɾˤ	ɾ	ɺ	l̤	ɾ̤	lˀ	rˀ	l̪,l̻	l̪ː,l̻ː	r̪	ɾ̪	l̠˞	lʷ	ʎ	lˠ	lʲ	rʲ	ə̯	e̯	æe̯	æẽ̯	ɔo̯	o̯	ɔõ̯	˥,˩,˥˦,˧,˥˧˥,˩˨,˦,˨,˥˧,˨˦,˦˨,˧˦,˧˨˧,˦˥,˧˩,˨˧	˥̰,˧˩̰	aj	ɛj	aw	oj	m̩	ŋ̩	ɭ̩	ɹ̩	l̪̩	ə,ɜ,ɪ̈	ə̆	əː	ə̘ː	ɘ	ɘː	a	aː	əɨ̙	ɨ	ɨː	ɯə	ʌ	ɤ	ɤː	ɑ	ɑː	ɯʌ	ɯ,ɯ̞	ɯː	əi	ai	e̞a	iə	ia	iʌ	ɛ	ɛː	ɛ̘ː	e,e̞	ĕ	eː,e̞ː	e̘ː	æ,a̟	æː	a̟̙ː	e̞i,ei	ei̙	æi	ie̞,ie	ɪ	ɪː	i	ĭ	iː	ɜ̃,ə̃	ã	ãː	ɨ̃	ɤ̃	ɑ̃	ɑ̃ː	ɯ̃	ɛ̃	ẽ̞,ẽ	ẽː	æ̃,æ̞̃	æ̃ː	eĩ	ɪ̃	ĩ	ĩː	ə̤	a̤	a̤ː	ɑ̤	ɛ̤	ɛ̤ː	e̤	e̤ː	i̤	i̤ː	a̰	əu	au	iau	e̞o̞	ɛu	e̞u	iu	iou	uai	uei	o̞a	uə	ua	uʌ	ɔi	o̞i	ui	ye	ʊ̈	ʊ̈ː	ɵ̞,ɵ	ɵ̞ː	ɐ	ʉ	ʉː	ɔ	ɔː	ɔ̘ː	o,o̞	oː,o̞ː	o̘ː	ɒ	ɒː	ɔu	ou,o̞u	ou̙	uo	ʊ	ʊː	u	ŭ	uː	œ	œː	ø,ø̞	ø̞ː,øː	œy	ʏ	y,ʉ̟	yː	ɐ̃	ɔ̃	õ,õ̞	õː	ɒ̃	oũ	ʊ̃	ũ	ũː	œ̃	ɔ̤	ɔ̤ː	o̤	o̤ː	ṳː
Akan					pʰ						b																kʰ										ɡ																																														tʰ						d																								cç							ɟʝ													cçʷ,çʷ	ɟʝʷ			h						f																																					s																																											m													n							ɲ				ɲʷ					j						ɥ														r																																											a																				ɛ			e											ɪ		i				ã													ɪ̃	ĩ																																						ɔ			o									ʊ		u																	ʊ̃	ũ
Albanian			p								b									k																	ɡ																															t̠ʃ							d̠ʒ						t								d						ts				dz														cç							ɟʝ																	h						f			v																									ʃ		ʒ							s								z			θ		ð																														m													n							ɲ̟									j																	l			r																lˠ																					ə						a																							e̞													i																																																											o̞											u									y
Amharic	ʔ		p					pʼ			b	bː								k	kː												kʼ	kʼː			ɡ	ɡː												kʷ				kʷʼ	ɡʷ													t̠ʃ	t̠ʃː				t̠ʃʼ	t̠ʃʼː	d̠ʒ	d̠ʒː					t	tː			tʼ	tʼː			d	dː																																															h					hʷ	f	fː																											ʃ	ʃː	ʒ	ʒː						s	sː			sʼ	sʼː			z	zː																																		m	mː												n	nː						ɲ	ɲː								j				w													l	lː			rː		ɾ																																		ə						a			ɨ																				e													i																																																											o											u
Arabic	ʔ										b									k		q																																																							d̠ʒ̤		tˤ		t						dˤ		d																																																h						f					x			ħ			ɣ			ʕ														ʃ							sˤ		s						zˤ		z			θ	ðˤ	ð																														m													n																j				w													l			r																												aj		aw														aː																																			i		iː																																																																				u		uː
Armenian			p		pʰ			pʼ												k							kʰ						kʼ																																			t̠ʃ		t̠ʃʰ			t̠ʃʼ								t		tʰ		tʼ										ts		tsʰ	tsʼ																																							h						f			v			χ						ʁ̞															ʐ͇	ʃ		ʒ							s								z																																			m													n																j																	l			r																			ə̯																		ə						a																																	ie̞			i																																																											o̞											u
Assyrian			p								b									k		q															ɡ																																								d̠ʒ̤		tˤ		t								d																																																h						f			v		x																							ʃ							sˤ		s								z			θ		ð																														m													n													ʋ			j				w													l			r																																											a															ai					ɛ
Bangla			p		pʰ						b					b̤				k							kʰ										ɡ						ɡ̤													ʈ		ʈʰ		ɖ				ɖ̤				t̠ʃ		t̠ʃʰ					d̠ʒ		d̠ʒ̤				t		tʰ						d				d̤																																												h																																											s																				ç																							m			m̤			ŋ							n		n̤														j				w					ɽ		ɽ̤						l						ɾ		l̤	ɾ̤														e̯				o̯																			a																							e̞				æ							ɪ						ã								ẽ̞		æ̃			ɪ̃																																							ɔ			o,o̞									ʊ														ɔ̃	õ				ʊ̃
Berber											b									k		q															ɡ													kʷ		qʷ			ɡʷ																										t			tˀ					d					dˀ																																											h						f					x			ħ		ɣˀ	ɣ			ʕ				xʷ			ɣʷ					ʃˀ		ʃ		ʒ		ʒˀ					s			sˀ					z		zˀ																																	m													n																j				w													l			r							lˀ	rˀ																																			a																																				i																																																																						u
Bosnian			p								b									k																	ɡ																															t̠ʃ							d̠ʒ																										t̪				d̪				t̪s																				tɕ			dʑ											f					x																							ʃ		ʒ							s								z																																			m													n							ɲ						ʋ			j																	l			r															ʎ																												a	aː																						e		eː								ie			i		iː																																																									o	oː										u		uː
Bulgarian					pʰ						b																kʰ			kʲʰ							ɡ					ɡʲ					pʲʰ		bʲ																			t̠ʃ							d̠ʒ								tʰ						d						ts				dz																									tʲʰ	dʲ	tsʲ																	f			v		x																		fʲ	vʲ				ʃ		ʒ							s								z																			sʲ	zʲ															m								mʲ					n									nʲ							j																				r																lˠ	lʲ	rʲ																																ɤ		ɑ											ɛ																i							ɤ̃	ɑ̃			ɛ̃							ĩ																																						ɔ														u												ɔ̃						ũ
Burmese	ʔ		p		pʰ						b									k							kʰ										ɡ																															t̠ʃ		t̠ʃʰ					d̠ʒ						t		tʰ						d																																																h																						ʍ												ʃ									s		sʰ						z			θ		ð																											m̥			m					ŋ̥	ŋ						n̥	n						ɲ̥	ɲ									j				w										l̥			l						ɾ																							˥,˩	˥̰										ə						a																				ɛ			e													i														æ̃		eĩ	ɪ̃																																							ɔ			o											u																oũ	ʊ̃
Cantonese			p		pʰ															k							kʰ																							kʷ			kʷʰ															t̠ʃ		t̠ʃʰ											t		tʰ																																																						h						f																												ʃ																																																				m						ŋ							n																j				w										l̥			l																													˧,˥,˩,˥˦	˧˩̰					m̩	ŋ̩										a																											æ									i																																																								ɔ														u
Croatian			p								b									k																	ɡ																															t̠ʃ							d̠ʒ																										t̪				d̪				t̪s																				tɕ			dʑ											f					x																							ʃ		ʒ							s								z																																			m													n							ɲ						ʋ			j																	l			r															ʎ																												a	aː																						e		eː								ie			i		iː																																																									o	oː										u		uː
Czech			p								b									k																	ɡ																															t̠ʃ													t								d						ts																	c						ɟ																					ɦ				f			v		x																							ʃ		ʒ							s								z																																			m													n							ɲ									j																	l			r,r̝																																											a	aː																			ɛ	ɛː													ɪ				iː																														au			ɛu																								o	oː					ou					u		uː
Danish	ʔ				pʰ						b																kʰ										ɡ																					ʈʰ		ɖ																																											t̪ʰ		d̪																																h						f																												ʃ									s																				ç																				m̥			m						ŋ				ɳ						n̪										ʋ			j								ɭ															ɾ						l̪																	˩˨,˥˧˥								ɭ̩	ɹ̩	l̪̩	ə						a	aː																						e̞		eː		æ	æː						ɪ				iː																																																				ʉ	ʉː					o̞ː								ʊ		u		uː	œ			ø̞ː		ʏ		yː
Dari	ʔ				pʰ						b																kʰ										ɡ		ɢ																													t̠ʃ							d̠ʒ								tʰ						d																																																h						f			v			χ																						ʃ		ʒ							s								z																																			m													n																j				w													l			r																																																				ɑ														e				a̟									i																																																											o											u
Dinka			p								b									k																	ɡ																																												t								d												t̪				d̪							c						ɟ																																				ɣ																																																																					m						ŋ							n			n̪				ɲ									j				w													l						ɾ																							˦,˨,˧																	a	aː																			ɛ	ɛː		e		eː											i		iː																			a̤	a̤ː		ɛ̤	ɛ̤ː	e̤	e̤ː	i̤	i̤ː																											ɔ	ɔː		o	oː										u		uː																			ɔ̤	ɔ̤ː	o̤	o̤ː
Dutch	ʔ		p								b									k																																																													t								d																																																		ɦ				f			v		x						ɣ																	ʃ		ʒ							s								z																																			m						ŋ							n							ɲ									j		ʀ		w													l																		ʎ														ɛj															aː								ɑ											ɛ					eː									ɪ		i																																																								ɔ				oː				ɔu						u						øː	œy	ʏ		yː
Egyptian-Arabic	ʔ	ʔː	p								b	bː								k	kː	q	qː														ɡ	ɡː																																					d̠ʒ				tˤ	tˤː	t	tː					dˤ	dˤː	d	dː																																															h	hː					f	fː		v			χ	χː	ħ	ħː			ʁ	ʁː	ʕ	ʕː													ʃ	ʃː						sˤ	sˤː	s	sː					zˤ	zˤː	z	zː		θ	ðˤ	ð																														m	mː												n	nː															j	jː			w	wː												l	lː			rː		ɾ																																		ə																															eː		a̟	æː						ɪ				iː																																																										oː								ʊ				uː
English	ʔ				pʰ						b																kʰ										ɡ																															t̠ʃ							d̠ʒ								tʰ						d																																																h						f			v		x											ʍ												ʃ		ʒ							s								z			θ		ð																														m						ŋ							n																j				w			ɻ										l																																								ə		əː					aː																						e̞				æ							ɪ				iː																																																			ɐ			ɔ				o̞ː		ɒ						ʊ				uː
Estonian	ʔ		p																	k																																																																																	t̪																																								β		f																																					s													ð																			mb	ŋɡ				n̪d̪						m						ŋ										n̪									nr			ɰ	j																	l			r																																											a															ai								e̞							e̞i						i																																au				e̞u										o̞i													o̞						o̞u					u
Fijian	ʔ		p																	k																																																																																	t̪																																								β		f																																					s													ð																			mb	ŋɡ				n̪d̪						m						ŋ										n̪									nr			ɰ	j																	l			r																																											a															ai								e̞							e̞i						i																																au				e̞u										o̞i													o̞						o̞u					u
Filipino	ʔ		p								b									k																	ɡ																																																																t̪				d̪																																h						f																																					s																																											m						ŋ										n̪													j				w													l						ɾ																																								a	aː																						e		eː											i		iː																																																									o	oː										u		uː
Finnish	ʔ		p	pː							b									k	kː																ɡ																																												t	tː							d																																																h						f			v																									ʃ									s	sː																																										m	mː						ŋː						n	nː																																l	lː		r	rː																			e̯																							a	aː																			ɛ					eː		æ	æː								i		iː																																																									o	oː										u		uː			ø	øː			y	yː
French			p								b													k̟																	ɡ̟																																								t								d																																																		ɦ				f			v																									ʃ		ʒ							s								z																																			m						ŋ							n							ɲ									j		ʀ		w		ɥ											l			r																																																															ɛ	ɛː		e				a̟									i														æ̃																																										ɔ			o			ɒ								u			œ		ø,ø̞				y				õ		ɒ̃					œ̃
Fulfulde											b	bː		ɓ	ɓː					k	kː	q										ʔʲ					ɡ	ɡː																														t̠ʃ	t̠ʃː						d̠ʒ						t								d	dː	ɗ	ɗː																																													h						f																														ʒ							s																																mb	ŋɡ	n̠d̠ʒ	nd								m	mː					ŋ							n	nː						ɲ									j				w													l	lː		r																																											a	aː																						e		eː											i		iː																																																									o	oː										u		uː
German			p								b								pf	k																	ɡ																																												t								d						ts																																										h						f			v		x																							ʃ		ʒ							s								z																																			m						ŋ							n																j		ʀ															l																																								ə							aː														ai					ɛ	ɛː				eː									ɪ				iː																														au													ɔi								ɐ			ɔ				oː								ʊ				uː	œ			øː		ʏ		yː
Greek			p								b									k																	ɡ																																												t								d						ts				dz																																												f			v		x						ɣ																										s								z			θ		ð																														m													n																j																	l						ɾ																																																	ɑ											ɛ																i																																																								ɔ														u
Guarani	ʔ		p																	k																														kʷ																		t̠ʃ																																	t̪																																										f			v		x						ɣ							xʷ			ɣʷ																s													ð	r͓̪	s̪																												m						ŋ			ŋʷ							n̪				ɲ																																ɾ						l̪						ʎ																												a			ɨ																				e													i				ã		ɨ̃						ẽ						ĩ																																									o											u													õ					ũ
Gujarati			p		pʰ						b					b̤				k							kʰ										ɡ																			ʈ		ʈʰ		ɖ				ɖ̤																																					t̪		t̪ʰ		d̪		d̪̤						cç			cçʰ				ɟʝ		ɟ̤ʝ															h									v																						ʂ												s																				ç																							m						ŋ				ɳ						n̪				ɲ									j				w				ɭ	ɽ								l						ɾ																																		ə						a																				ɛ			e											ɪ		i				ã				ɑ̃				ẽ̞								ə̤			ɑ̤	ɛ̤		e̤			i̤ː																											ɔ			o									ʊ		u													õ	õː				ũ	ũː		ɔ̤		o̤		ṳː
Hausa	ʔ										b			ɓ						k					kʲ								kʼ			kʲʼ	ɡ					ɡʲ								kʷ				kʷʼ	ɡʷ													t̠ʃ							d̠ʒ						t								d		ɗ																																														h			ɸ																															ʃ									s			sˀ					z																																			m													n																j			j̰	w					ɽ								l			r																																											a															ai								e̞													i																																au																											o̞											u
Hebrew	ʔ		p,p͉																	k,k͉																																																t̠ʃ,t̠ʃ͉													t,t͉														ts																																										h						f,f͉					x							ʁ																ʃ,ʃ͉									s,s͉																																											m						ŋ							n																j																	l																																									ə̆					a																				ɛ														ɪ																																																													o									ʊ
Hindi	ʔ		p	pː	pʰ	pʰː					b	bː				b̤	b̤ː			k	kː	q	qː				kʰ	kʰː									ɡ	ɡː					ɡ̤	ɡ̤ː												ʈ	ʈː	ʈʰ	ʈʰː	ɖ	ɖː			ɖ̤	ɖ̤ː			t̠ʃ	t̠ʃː	t̠ʃʰ	t̠ʃʰː				d̠ʒ	d̠ʒː	d̠ʒ̤	d̠ʒ̤ː																							t̪	t̪ː	t̪ʰ	t̪ʰː	d̪	d̪ː	d̪̤	d̪̤ː																															ɦ				f	fː					χ						ʁ													ʂ				ʃː	ʒ							s	sː							z	zː																																		m	mː		m̤													n̪	n̪ː	n̪̤								ʋ	ʋː		j	jː									ɽ̃							l	lː		r	rː				l̤																æe̯	æẽ̯	ɔo̯		ɔõ̯												ɜ,ɪ̈							aː								ɑ																eː									ɪ				iː	ɜ̃		ãː								ẽː				ɪ̃		ĩː																																									oː								ʊ				uː												õː			ʊ̃		ũː		ɔ̤
Hmong	ʔ		p		pʰ															k		q					kʰ		qʰ																											ʈ		ʈʰ								ʈʂ	ʈʂʰ														t		tʰ						d						ts		tsʰ										d̪̤					c			cʰ																						h						f			v																						ʂ		ʐ						ɬ				s																				ç	ʝ											mb	ŋɡ		nd	ndz				m̥			m												n̥	n						ɲ̥																											l																													˥,˩,˥˧,˨˦																	a															ai		iə						e													i																														a̰		au										uə														ɔ														u												ɔ̃
Hungarian			p	pː							b	bː								k	kː																ɡ	ɡː																														t̠ʃ	t̠ʃː						d̠ʒ						t	tː							d	dː					ts	tsː			dz	dzː													cç	cçː						ɟʝ	ɟʝː																h	hː					f	fː		v	vː																								ʃ	ʃː	ʒ	ʒː						s	sː							z	zː																																		m	mː												n	nː						ɲ	ɲː								j	jː			w													l	lː		r	rː																																											aː																			ɛ					eː		æ									i		iː																																																									o	oː		ɒ								u		uː			ø	øː			y	yː
Indonesian	ʔ		p								b									k																	ɡ																															t̠ʃ							d̠ʒ														d												t̪																																				h						f																												ʃ									s								z																																			m						ŋ							n							ɲ									j				w													l			r																												aj		aw	oj						ə						a																							e													i																																																											o											u
Italian			p								b									k																	ɡ																															t̠ʃ							d̠ʒ						t								d						ts				dz																																												f			v																									ʃ									s								z																																			m													n							ɲ									j				w													l			r															ʎ																																																ɛ			e													i																																																					ɐ			ɔ			o											u
Japanese	ʔ		p	pː							b									k	kː																ɡ																															t̠ʃ	t̠ʃː						d̠ʒ						t	tː							d							tsː																		çː																							h																																		ʃ	ʃː								s	sː							z																																			m						ŋ							n																j				w																			ɾ																							˧,˥																	a	aː											ɯ	ɯː							ɛ	ɛː															i		iː								ɯ̃																																														ɔ	ɔː
Jordanian-Arabic	ʔ										b									k		q																																																									tˤ		t						dˤ		d																																																h						f					x			ħ			ɣ			ʕ														ʃ		ʒ					sˤ		s						zˤ		z			θ	ðˤ	ð																																											n																j				w													l			r																												aj		aw														aː																								eː											i		iː																																																										oː										u		uː
Kannada			p		pʰ						b					b̤				k							kʰ										ɡ						ɡʰ													ʈ		ʈʰ		ɖ				ɖ̤																																					t̪		t̪ʰ		d̪		d̪̤						cç			cçʰ				ɟʝ		ɟ̤ʝ															h						f			v																						ʂ												s																				ç																							m						ŋ				ɳ			n			n̪													j				w				ɭ									l						ɾ																																								a	aː																						e		eː		æ									i		iː																																																									o	oː										u		uː
Khmer	ʔ		p		pʰ									ɓ						k							kʰ																																									t̠ʃ		t̠ʃʰ											t		tʰ								ɗ																																														h																																											s																																											m						ŋ							n							ɲ						ʋ			j									ɽ																											lˠ																					ə,ɪ̈			ə̘ː					əɨ̙		ɨː																ɛ		ɛ̘ː				e̘ː	a̟		a̟̙ː		ei̙			ɪ				iː																																																						ɔ		ɔ̘ː			o̘ː	ɒ	ɒː			ou̙		ʊ				uː
Korean	ʔ		p		pʰ		pˀ													k							kʰ				kˀ																																					t̠ʃ		t̠ʃʰ		t̠ʃˀ									t		tʰ	tˀ																																																					h																																											s			sˀ																																								m						ŋ							n																j				w													l																																														a	aː						ɤ	ɤː				ɯ	ɯː										e		eː		æ	æː								i		iː																																																									o	oː										u		uː			ø				y
Kurdish	ʔ		p								b									k		q															ɡ																															t̠ʃ							d̠ʒ																										t̪				d̪																																						f			v		x			ħ			ɣ			ʕ														ʃ		ʒ					sˤ																	s̪		z̪																										m						ŋ										n̪													j				w											lˤ														l̪		r̪	ɾ̪																									ə							aː		ɨ											əi	ai										e̞ː					e̞i				ɪ				iː																													əu	au				e̞u										o̞i	ui													o̞ː								ʊ				uː
Lao	ʔ		p		pʰ						b							ʔʷ		k							kʰ																							kʷ			kʰʷ																												t		tʰ						d																						tʰʷ	c																					cʷ				h						f																																					s																			sʷ																								m						ŋ			ŋʷ				n							ɲ									j				w													l																	lʷ																													a					ɯə		ɤ					ɯ						ia		ɛ			e													i																																										uə														ɔ			o											u
Latvian			p								b									k																	ɡ																															t̠ʃ͉									d̠ʒ̤																								t̪				d̪				t̪s̪	d̪z̪		c						ɟ																									f			v		x																							ʃ		ʒ																						s̪		z̪																										m						ŋ										n̪				ɲ									j																	l			r															ʎ			rʲ																																			ɑː													e		eː		æ	æː								i		iː																																									ua																o	oː										u		uː
Lithuanian			p								b									k					kʲ												ɡ					ɡʲ				pʲ			bʲ																			t̠ʃ							d̠ʒ																										t̪				d̪				t̪s̪	d̪z̪																	t̪ʲ	d̪ʲ		t̪s̪ʲ																v		x																			vʲ				ʃ		ʒ							s								z																ʃʲ		ʒʲ	sʲ																m								mʲ					n									nʲ							j																	l			r																	lʲ	rʲ																									a										ɑː					ai										eː		æ	æː				æi	ie̞	ɪ				iː																														au															ui													oː							uo	ʊ				uː
Macedonian			p								b									k																	ɡ																															t̠ʃ							d̠ʒ																				ts				dz		t̪				d̪							c						ɟ																									f			v		x																							ʃ		ʒ							s								z																																			m													n							ɲ									j																	l			r									l̪																												ə						a																							e													i																																																											o											u
Malay			p								b									k																	ɡ																																												t								d																							c						ɟ																			h						f			v		x																							ʃ									s								z																																			m						ŋ							n							ɲ																										l			r																																					ə						a																							e													i																																																								ɔ														u
Malayalam			p								b									k																	ɡ																			ʈ				ɖ																					t								d												t̪				d̪							c						ɟ																			h						f																									ʂ												s																				ç																							m						ŋ				ɳ			n			n̪				ɲ									j				w				ɭ									l			r			ɾ										l̠˞																														a	aː		ɨ																				e		eː		æ									i		iː																																																									o	oː								ʊ		u		uː
Maltese	ʔ	ʔː	p	pː							b	bː								k	kː																ɡ	ɡː																														t̠ʃ	t̠ʃː						d̠ʒ	d̠ʒː					t	tː							d	dː					ts	tsː			dz	dzː																																											f	fː		v					ħ	ħː																			ʃ	ʃː								s	sː							z	zː																																		m	mː												n	nː															j	jː			w	wː												l	lː		r	rː																																										a	aː																						e̞		e̞ː											i		iː																																																									o̞	o̞ː										u		uː
Mandarin			p		pʰ															k							kʰ																																								t̠ʃ̺ʰ	t̠ʃ													t		tʰ												ts		tsʰ																																tɕ		tɕʰ												f					x																				ʃ̺												s																													ɕ														m						ŋ							n																j				w								ɹ					l																													˦,˦˨,˧˦,˧˨˧											ə						a							ɤ								ai			ia												ei			ie			i																																au	iau				iu	iou	uai	uei		uə	ua					ye																	ou		uo			u									y
Moroccan-Arabic	ʔ	ʔː	p						bˤ	bˤː	b	bː	bʷː							k	kː	q	qː														ɡ	ɡː												kʷ	kʷː	qʷ			ɡʷ																								tˤ	tˤː							dˤ	dˤː													t̪	t̪ː			d̪	d̪ː																															h	hː					f	fː	fʷː	v			χ	χː	ħ	ħː			ʁ	ʁː	ʕ	ʕː				χʷ	ħʷ		ʁʷ						ʃ	ʃː	ʒ	ʒː				sˤ	sˤː							zˤ	zˤː								s̪	s̪ː	z̪	z̪ː																							mˤ	mˤː	m	mː	mʷː											n	nː															j	jː			w	wː										lˤ	lˤː			rˤː		rː	ɾˤ	ɾ						l̪	l̪ː																												ə̆																																æ									i																																																																						u
Nepali			p		pʰ						b					b̤				k							kʰ										ɡ						ɡʰ													ʈ		ʈʰ		ɖ				ɖ̤																																					t̪		t̪ʰ		d̪		d̪̤						cç			cçʰ				ɟʝ		ɟ̤ʝ															h																															ʂ												s																				ç																							m						ŋ							n							ɲ									j				w					ɽ		ɽ̤						l			r					l̤																																						a	aː					ʌ														ɛ			e		eː											i		iː																																																									o	oː										u		uː
Norwegian	ʔ				pʰ						b																kʰ										ɡ																					ʈʰ		ɖ																																											t̪ʰ		d̪																																h						f																												ʃ									s																				ç																				m̥			m						ŋ				ɳ						n̪										ʋ			j								ɭ															ɾ						l̪																	˩˨,˥˧˥								ɭ̩	ɹ̩	l̪̩	ə						a	aː																						e̞		eː		æ	æː						ɪ				iː																																																				ʉ	ʉː					o̞ː								ʊ		u		uː	œ			ø̞ː		ʏ		yː
Pashto			p								b									k																	ɡ																			ʈ				ɖ								t̠ʃ							d̠ʒ						t								d						ts				dz																																						h				β		f						χ						ʁ													ʂ		ʐ	ʃ		ʒ							s								z																																			m										ɳ			n																j				w									r̠				l			r																																					ə						a										ɑː															e̞ː											i																																																												o̞ː										u
Persian-Farsi	ʔ				pʰ						b																kʰ										ɡ		ɢ																													t̠ʃ							d̠ʒ								tʰ						d																																																h						f			v			χ																						ʃ		ʒ							s								z																																			m													n																j				w													l			r																																																				ɑ														e				a̟									i																																																											o											u
Polish			p								b									k																	ɡ																																																																t̪				d̪				t̪s̪,t̻s̻	d̪z̪,d̻z̻		c						ɟ											tɕ			dʑ											f			v		x																																															s̪,s̻		z̪,z̻												ɕ	ʑ													m						ŋ										n̪				ɲ									j				w																r									l̪																																		a			ɨ																				e													i																																																											o											u
Portuguese			p								b									k																	ɡ																																																																t̪				d̪																																						f			v		x																							ʃ		ʒ							s																	z̪																										m				ɱ		ŋ							n							ɲ									j				w													l						ɾ												ʎ																												a																				ɛ			e	ĕ												i	ĭ											ẽ						ĩ																																						ɔ			o											u	ŭ										ɐ̃		õ					ũ
Punjabi			p	pː	pʰ	pʰː					b	bː								k	kː						kʰ	kʰː									ɡ	ɡː																		ʈ	ʈː	ʈʰ	ʈʰː	ɖ	ɖː							t̠ʃ	t̠ʃː	t̠ʃʰ	t̠ʃʰː				d̠ʒ	d̠ʒː																									t̻	t̻ː	t̻ʰ	t̻ʰː	d̻	d̻ː																																	ɦ				f																									ʂ																											s̻	s̻ː	z̻																										m	mː					ŋ				ɳ						n̻	n̻ː			ɲ									j				w				ɭ	ɽ											r									l̻	l̻ː																˧,˩,˦˥											ə						a																							e̞				æ							ɪ		i			ə̃	ã								ẽ̞		æ̃			ɪ̃	ĩ																																									o̞			ɒ						ʊ		u													õ̞		ɒ̃		ʊ̃	ũ
Romanian			p								b									k																	ɡ																															t̠ʃ							d̠ʒ																										t̪				d̪				t̪s̪																												h						f			v																									ʃ		ʒ																						s̪		z̪																										m																n̪													j				w																									l̪		r̪																										ə						a			ɨ													e̞a							e													i																																		e̞o̞							o̞a																		o											u
Russian			p								b									k					kʲ												ɡ									pʲ			bʲ																																t								d						ts																												t̠ʃʲ				t̻ʲ	d̻ʲ															f			v		x																		fʲ	vʲ													s								z															ʃˠ		ʒˠ		sʲ	zʲ															m								mʲ					n										n̻ʲ						j																				r																lˠ	lʲ	rʲ																																													ɛ							a̟									i																																																											o̞											u
Samoan	ʔ		p																	k																																																													t																																																								h						f			v																																		s																																											m						ŋ							n																				w													l						ɾ																																									aː																			ɛ					eː									ɪ				iː																																																							ɔː		o									ʊ				uː
Serbian			p								b									k																	ɡ																															t̠ʃ							d̠ʒ																										t̪				d̪				t̪s																				tɕ			dʑ											f					x																							ʃ		ʒ							s								z																																			m													n							ɲ						ʋ			j																	l			r															ʎ																												a	aː																						e		eː								ie			i		iː																																																									o	oː										u		uː
Sinhalese			p	pː							b	bː								k	kː																ɡ	ɡː																		ʈ	ʈː			ɖ	ɖː																				t	tː							d	dː																							cç	cçː						ɟʝ	ɟʝː																		ɦ	ɸ																															ʃ									s	sː																																										m	mː					ŋ							n	nː						ɲ	ɲː					ʋ			j																	l	lː					ɾ																																		ə		əː				a	aː																						e̞		eː		a̟	æː						ɪ				iː			ãː										æ̃ː																																												o̞	oː								ʊ				uː
Slovak			p								b									k																	ɡ																															t̠ʃ͉									d̠ʒ̤				t								d						ts				dz													c						ɟ																					ɦ				f			v		x																							ʃ		ʒ							s								z																																			m						ŋ							n							ɲ									j																	l	lː		r	rː														ʎ																													aː																	ia		ɛ	ɛː												ie			i		iː																																			iu																						o	oː							uo			u		uː
Slovenian			p								b									k																	ɡ																															t̠ʃ							d̠ʒ																				ts						t̪				d̪																																						f					x																							ʃ		ʒ							s								z																																			m													n													ʋ			j																	l						ɾ																																		ə		əː				a	aː																			ɛ	ɛː		e		eː											i		iː																																																						ɔ	ɔː		o	oː										u		uː
Somali	ʔ										b	bː															kʰ										ɡ	ɡː	ɢ	ɢː																						ᶑ	ᶑː					t̠ʃ															tʰ						d	dː																																															h						f					x			ħ						ʕ														ʃ									s																																											m													n	nː															j				w													l	lː			rː		ɾ																							˥,˩											ə							aː																			ɛ	ɛː		e		eː		æ	æː						ɪ	ɪː	i		iː																																															ʊ̈	ʊ̈ː	ɵ̞	ɵ̞ː				ɔ	ɔː											ʊ	ʊː
Spanish			p																	k																																																t̠ʃ													t																																																												β		f					x						ɣ																										s											θ		ð͉																														m													n							ɲ									j				w													l			r			ɾ												ʎ																												a																							e̞													i																																																											o̞											u
Swahili			p								b									k																	ɡ																															t̠ʃ													t								d																													ɟ																			h						f			v		x						ɣ																	ʃ									s								z			θ		ð																			mb	ŋɡ	n̠d̠ʒ	nd			ɱv	nz				m						ŋ							n							ɲ									j				w													l			r																																											a																				ɛ																i																																																								ɔ														u
Swedish			p								b									k																	ɡ																																																																t̪				d̪																																h						f			v																																																	s̪						ʝ	ɧ							ɕ														m						ŋ										n̪																									ɹ					l																																														a										ɑː										ɛ	ɛː				eː									ɪ				iː																																																	ɵ					ɔ				oː								ʊ				uː	œ			øː		ʏ	ʉ̟	yː
Tagalog	ʔ		p								b									k																	ɡ																																																																t̪				d̪																																h						f																																					s																																											m						ŋ										n̪													j				w													l						ɾ																																								a	aː																						e		eː											i		iː																																																									o	oː										u		uː
Tamil			p								b									k																	ɡ																			ʈ				ɖ																					t								d												t̪				d̪								cç							ɟʝ																	h			ɸ			f					x																				ʂ												s													ð																														m						ŋ				ɳ			n			n̪				ɲ									j				w				ɭ	ɽ								l						ɾ										l̠˞																														a	aː		ɨ																				e		eː											i		iː																																																									o	oː										u		uː
Thai	ʔ		p		pʰ						b									k							kʰ																																																						t		tʰ						d																								cç			cçʰ																					h						f																																					s																																											m						ŋ							n																j				w													l						ɾ																							˧,˥,˩,˨˧,˧˩	˥̰														ɘ	ɘː	a	aː		ɨ	ɨː																ɛ					eː		æ	æː						ɪ				iː																																																						ɔ	ɔː		o	oː								ʊ				uː
Tigrinya	ʔ		p					pʼ			b									k		q													qʼ		ɡ																															t̠ʃ							d̠ʒ						t				tʼ				d																												cʼ																				h						f			v		x			ħ						ʕ														ʃ		ʒ							s				sʼ				z																																			m													n							ɲ									j				w													l						ɾ																																								a			ɨ			ʌ																	e													i																																																											o											u
Tongan	ʔ		p																	k																																																																																	t̪																																				h						f			v																																		s																																											m						ŋ										n̪																																					ɺ																																							a																							e													i																																																											o											u
Turkish	ʔ				pʰ						b																kʰ										ɡ																																	t̠ʃʰ					d̠ʒ								tʰ						d																										cʰ			ɟ																			h						f			v																									ʃ		ʒ							s								z																																			m													n																j																	l						ɾ												ʎ																												a	aː											ɯ	ɯː							ɛ	ɛː															i		iː																																																									o̞	o̞ː										u		uː	œ	œː					y	yː
Ukrainian			p								b									k																	ɡ																															t̠ʃ							d̠ʒ																										t̪				d̪				t̪s̪	d̪z̪																											h						f			v		x																							ʃ		ʒ																						s̪		z̪																										m																n̪													j				w																									l̪		r̪																																a																				ɛ														ɪ		i																																																								ɔ														u
Urdu			p		pʰ						b					b̤				k		q					kʰ										ɡ						ɡʰ													ʈ		ʈʰ		ɖ				ɖ̤																																					t̪		t̪ʰ		d̪		d̪̤						cç			cçʰ				ɟʝ		ɟ̤ʝ															h						f					x						ɣ																																		z												ç	ʝ																						m						ŋ							n																j				w					ɽ											r																																					ə						a																				ɛ														ɪ		i			ə̃					ɑ̃	ɑ̃ː			ẽ̞		æ̞̃				ĩ	ĩː																																					ɔ				oː								ʊ		u													õ				ʊ̃		ũː
Uzbek			p								b									k		q															ɡ																															t̠ʃ							d̠ʒ																										t̪				d̪																																h			ɸ			f						χ						ʁ					β̞ˠ											ʃ									s								z																																			m						ŋ										n̪													j																	l						ɾ																																																															e				æ									i																																																			ɵ			ʉ								ɒ
Vietnamese	ʔ		p											ɓ						k																																																																							ɗ										t̪		t̪ʰ									c																									h						f			v		x						ɣ																										s								z																																			m						ŋ										n̪				ɲ									j				w																									l̪																																		a						ʌ	ɤ				ɯʌ	ɯ̞							iʌ	ɛ			e											ɪ																																														uʌ									ɐ			ɔ			o									ʊ
Wolof	ʔ		p								b	bː								k						qχ											ɡ																																												t								d																							c						ɟ	ɟː																								f						χ																															s																																											m	mː					ŋ							n	nː						ɲ									j				w																									l̪	l̪ː		ɾ̪																															a	aː																			ɛ	ɛː		e		eː											i		iː																																																						ɔ	ɔː			oː										u		uː			ø
Yoruba											b									k																	ɡ								kp			ɡb																											d̠ʒ						t								d																																																h						f																												ʃ									s																																											m													n																j				w													l						ɾ																																								a																				ɛ			e													i											ɛ̃							ĩ																																						ɔ			o											u												ɔ̃						ũ
Zulu			p		pʰ			pʼ						ɓ						k							kʰ						kʼ																																								t̠ʃʼ		d̠ʒ						t		tʰ		tʼ																																																		kǃ̠	kǁ͓,kǃ͓	h		ɦ				f			v																									ʃ					ɬ	ɮ			s								z																							kʟ̥ʼ												m											n̠		n																j				w													l			r																																											a																				ɛ																i																																																								ɔ														u
